Time (s),COPV Gas Density (kg/m3)
0,289.0754587
0.1,289.0754587
0.2,288.1653727
0.3,287.8794999
0.4,286.9764762
0.5,286.9764762
0.6,286.6928187
0.7,285.7967615
0.8,285.5152893
0.9,284.9048172
1,284.624989
1.1,284.3456751
1.2,283.4632787
1.3,283.4632787
1.4,282.5859762
1.5,282.3103871
1.6,282.0352988
1.7,281.4386313
1.8,281.1651222
1.9,280.3009852
2,280.0295263
2.1,279.1718391
2.2,279.1718391
2.3,278.9024036
2.4,278.0510825
2.5,277.7836441
2.6,277.2035214
2.7,276.9375863
2.8,276.0972788
2.9,275.8332958
3,275.5697771
3.1,274.7370738
3.2,274.1685938
3.3,273.9079889
3.4,273.6478379
3.5,272.8257329
3.6,272.5674608
3.7,271.7512689
3.8,271.7512689
3.9,271.494852
4,270.6844994
4.1,269.8785375
4.2,269.6253304
4.3,269.3725552
4.4,268.5736657
4.5,268.0282072
4.6,267.7781427
4.7,267.5285007
4.8,266.7394747
4.9,265.954641
5,265.7080635
5.1,265.4618985
5.2,264.6838192
5.3,263.9098321
5.4,263.9098321
5.5,263.6666582
5.6,262.8979974
5.7,262.1333435
5.8,261.8930985
5.9,261.6532478
6,260.8950514
6.1,260.1407682
6.2,259.9037778
6.3,259.6671724
6.4,258.9191966
6.5,258.1750438
6.6,257.9412325
6.7,257.7077973
6.8,256.9698069
6.9,256.2355521
7,256.0048471
7.1,255.7745097
7.2,255.0462772
7.3,254.3216959
7.4,253.6007343
7.5,253.3742014
7.6,253.1480248
7.7,252.4329
7.8,251.7213144
7.9,251.4977243
8,251.2744824
8.1,250.5686044
8.2,249.8661877
8.3,249.1672034
8.4,248.9475684
8.5,248.7282712
8.6,248.0348229
8.7,247.3447326
8.8,246.6579725
8.9,246.4421745
9,246.2267043
9.1,245.5453164
9.2,244.8671875
9.3,244.1922913
9.4,243.9802172
9.5,243.7684614
9.6,243.0987806
9.7,242.4322642
9.8,241.768887
9.9,241.5604288
10,241.3522797
10.1,240.6939679
10.2,240.03873
10.3,239.3865417
10.4,239.1815959
10.5,238.9769504
10.6,238.3296838
10.7,237.6854044
10.8,237.0440889
10.9,236.4057144
11,236.2051051
11.1,236.0047855
11.2,235.371158
11.3,234.7404122
11.4,234.1125262
11.5,233.487478
11.6,233.2910525
11.7,233.0949065
11.8,232.4744398
11.9,231.8567549
12,231.2418308
12.1,230.629647
12.2,230.0201828
12.3,229.82865
12.4,229.6373851
12.5,229.0323124
12.6,228.4299067
12.7,227.8301484
12.8,227.2330181
12.9,226.6384964
13,226.4516552
13.1,226.2650709
13.2,224.9673296
13.3,224.5534896
13.4,224.1409132
13.5,222.8632653
13.6,222.45582
13.7,222.0496059
13.8,220.7915387
13.9,219.5451517
14,219.147656
14.1,218.751342
14.2,218.751342
14.3,218.751342
14.4,217.5237511
14.5,216.307377
14.6,215.9194347
14.7,215.5326274
14.8,215.5326274
14.9,214.7152582
15,213.524304
15.1,213.1444537
15.2,212.7656997
15.3,212.3880369
15.4,212.3880369
15.5,211.5899151
15.6,210.4268458
15.7,210.0558729
15.8,209.6859547
15.9,209.3170861
16,208.1740315
16.1,207.4012419
16.2,207.4012419
16.3,207.0388112
16.4,206.6773958
16.5,205.5573104
16.6,204.4468802
16.7,204.0926679
16.8,204.0926679
16.9,204.0926679
17,202.9947867
17.1,201.9062523
17.2,201.5590125
17.3,201.2127195
17.4,200.8673692
17.5,199.7968121
17.6,198.7352288
17.7,198.0173263
17.8,198.0173263
17.9,197.6805945
18,197.3447637
18.1,196.3035664
18.2,195.2709504
18.3,194.9415197
18.4,194.6129586
18.5,194.2852635
18.6,193.2691651
18.7,192.2613191
18.8,191.2616188
18.9,191.2616188
19,191.2616188
19.1,190.9426726
19.2,189.9535719
19.3,188.9723768
19.4,187.9989869
19.5,187.6884221
19.6,187.3786487
19.7,187.0696634
19.8,186.1113095
19.9,185.1604747
20,184.2170658
20.1,183.9160526
20.2,183.6157924
20.3,183.3162824
20.4,182.3871847
20.5,181.4652469
20.6,180.5503825
20.7,179.6425064
20.8,179.3528146
20.9,179.0638317
21,178.775555
21.1,177.8811529
21.2,176.9934958
21.3,176.1125042
21.4,175.2381002
21.5,174.9590745
21.6,174.6807172
21.7,174.4030258
21.8,174.1259979
21.9,173.2663515
22,172.4130458
22.1,171.5660086
22.2,170.7251685
22.3,169.8904555
22.4,169.0618008
22.5,168.7973551
22.6,168.5335244
22.7,168.2703064
22.8,167.4533451
22.9,166.6422445
23,165.8369401
23.1,165.0373682
23.2,164.2434664
23.3,163.9900978
23.4,163.7373049
23.5,163.4850857
23.6,162.7021335
23.7,161.924672
23.8,161.1526426
23.9,160.3859874
24,159.6246497
24.1,158.8685734
24.2,158.1177035
24.3,157.8780523
24.4,157.63893
24.5,157.4003346
24.6,156.6595243
24.7,155.9237619
24.8,155.1929954
24.9,154.4671736
25,153.7462463
25.1,153.0301638
25.2,152.3188772
25.3,151.6123384
25.4,150.9104998
25.5,150.2133146
25.6,149.9907795
25.7,149.7687172
25.8,149.5471262
25.9,148.8589391
26,148.1752707
26.1,147.4960768
26.2,146.821314
26.3,146.1509392
26.4,145.4849101
26.5,144.8231849
26.6,144.1657224
26.7,143.5124821
26.8,142.8634238
26.9,142.2185081
27,141.5776959
27.1,140.9409489
27.2,140.3082291
27.3,139.679499
27.4,139.0547218
27.5,138.433861
27.6,137.8168808
27.7,137.2037455
27.8,136.5944202
27.9,135.9888704
28,135.3870619
28.04016849,135.1468138
