Time (s),COPV Gas Mass (kg)
0,11.56301835
0.1,11.56301835
0.2,11.52661491
0.3,11.51518
0.4,11.47905905
0.5,11.47905905
0.6,11.46771275
0.7,11.43187046
0.8,11.42061157
0.9,11.39619269
1,11.38499956
1.1,11.373827
1.2,11.33853115
1.3,11.33853115
1.4,11.30343905
1.5,11.29241548
1.6,11.28141195
1.7,11.25754525
1.8,11.24660489
1.9,11.21203941
2,11.20118105
2.1,11.16687356
2.2,11.16687356
2.3,11.15609614
2.4,11.1220433
2.5,11.11134576
2.6,11.08814086
2.7,11.07750345
2.8,11.04389115
2.9,11.03333183
3,11.02279109
3.1,10.98948295
3.2,10.96674375
3.3,10.95631955
3.4,10.94591352
3.5,10.91302932
3.6,10.90269843
3.7,10.87005075
3.8,10.87005075
3.9,10.85979408
4,10.82737998
4.1,10.7951415
4.2,10.78501322
4.3,10.77490221
4.4,10.74294663
4.5,10.72112829
4.6,10.71112571
4.7,10.70114003
4.8,10.66957899
4.9,10.63818564
5,10.62832254
5.1,10.61847594
5.2,10.58735277
5.3,10.55639328
5.4,10.55639328
5.5,10.54666633
5.6,10.5159199
5.7,10.48533374
5.8,10.47572394
5.9,10.46612991
6,10.43580205
6.1,10.40563073
6.2,10.39615111
6.3,10.38668689
6.4,10.35676787
6.5,10.32700175
6.6,10.3176493
6.7,10.30831189
6.8,10.27879228
6.9,10.24942208
7,10.24019388
7.1,10.23098039
7.2,10.20185109
7.3,10.17286784
7.4,10.14402937
7.5,10.13496806
7.6,10.12592099
7.7,10.097316
7.8,10.06885258
7.9,10.05990897
8,10.0509793
8.1,10.02274418
8.2,9.994647508
8.3,9.966688135
8.4,9.957902734
8.5,9.949130848
8.6,9.921392918
8.7,9.893789305
8.8,9.866318902
8.9,9.857686979
9,9.849068171
9.1,9.821812655
9.2,9.794687502
9.3,9.767691652
9.4,9.759208689
9.5,9.750738457
9.6,9.723951224
9.7,9.697290569
9.8,9.670755481
9.9,9.662417153
10,9.65409119
10.1,9.627758715
10.2,9.601549198
10.3,9.575461668
10.4,9.567263836
10.5,9.559078017
10.6,9.533187353
10.7,9.507416176
10.8,9.481763556
10.9,9.456228575
11,9.448204205
11.1,9.44019142
11.2,9.414846319
11.3,9.389616489
11.4,9.364501046
11.5,9.339499121
11.6,9.3316421
11.7,9.323796259
11.8,9.298977592
11.9,9.274270196
12,9.249673233
12.1,9.225185878
12.2,9.200807312
12.3,9.193145999
12.4,9.185495402
12.5,9.161292496
12.6,9.137196269
12.7,9.113205938
12.8,9.089320723
12.9,9.065539858
13,9.058066206
13.1,9.050602835
13.2,8.998693185
13.3,8.982139585
13.4,8.965636529
13.5,8.914530611
13.6,8.898232799
13.7,8.881984236
13.8,8.831661548
13.9,8.781806068
14,8.76590624
14.1,8.750053681
14.2,8.750053681
14.3,8.750053681
14.4,8.700950042
14.5,8.652295081
14.6,8.636777387
14.7,8.621305097
14.8,8.621305097
14.9,8.588610327
15,8.540972161
15.1,8.525778148
15.2,8.51062799
15.3,8.495521478
15.4,8.495521478
15.5,8.463596605
15.6,8.41707383
15.7,8.402234916
15.8,8.387438186
15.9,8.372683443
16,8.326961259
16.1,8.296049675
16.2,8.296049675
16.3,8.28155245
16.4,8.26709583
16.5,8.222292414
16.6,8.177875209
16.7,8.163706718
16.8,8.163706718
16.9,8.163706718
17,8.119791467
17.1,8.07625009
17.2,8.062360499
17.3,8.048508781
17.4,8.034694768
17.5,7.991872483
17.6,7.949409153
17.7,7.92069305
17.8,7.92069305
17.9,7.907223781
18,7.893790548
18.1,7.852142656
18.2,7.810838017
18.3,7.797660788
18.4,7.784518345
18.5,7.77141054
18.6,7.730766605
18.7,7.690452765
18.8,7.65046475
18.9,7.65046475
19,7.65046475
19.1,7.637706903
19.2,7.598142877
19.3,7.558895071
19.4,7.519959476
19.5,7.507536885
19.6,7.495145948
19.7,7.482786538
19.8,7.444452381
19.9,7.406418987
20,7.368682632
20.1,7.356642103
20.2,7.344631697
20.3,7.332651295
20.4,7.295487388
20.5,7.258609878
20.6,7.222015301
20.7,7.185700255
20.8,7.174112584
20.9,7.162553268
21,7.151022198
21.1,7.115246118
21.2,7.079739833
21.3,7.044500169
21.4,7.009524009
21.5,6.99836298
21.6,6.987228689
21.7,6.976121034
21.8,6.965039916
21.9,6.930654059
22,6.896521834
22.1,6.862640344
22.2,6.829006741
22.3,6.795618222
22.4,6.762472031
22.5,6.751894205
22.6,6.741340977
22.7,6.730812257
22.8,6.698133806
22.9,6.665689782
23,6.633477602
23.1,6.601494727
23.2,6.569738657
23.3,6.559603913
23.4,6.549492197
23.5,6.539403427
23.6,6.508085339
23.7,6.47698688
23.8,6.446105703
23.9,6.415439498
24,6.384985989
24.1,6.354742938
24.2,6.324708139
24.3,6.315122094
24.4,6.305557199
24.5,6.296013385
24.6,6.266380974
24.7,6.236950476
24.8,6.207719815
24.9,6.178686945
25,6.149849853
25.1,6.121206553
25.2,6.09275509
25.3,6.064493536
25.4,6.036419991
25.5,6.008532586
25.6,5.999631181
25.7,5.990748689
25.8,5.981885049
25.9,5.954357563
26,5.927010827
26.1,5.899843073
26.2,5.87285256
26.3,5.846037568
26.4,5.819396403
26.5,5.792927395
26.6,5.766628897
26.7,5.740499283
26.8,5.714536952
26.9,5.688740323
27,5.663107837
27.1,5.637637955
27.2,5.612329162
27.3,5.58717996
27.4,5.562188872
27.5,5.537354441
27.6,5.51267523
27.7,5.488149819
27.8,5.463776808
27.9,5.439554815
28,5.415482475
28.04016849,5.405872552
