Time (s),COPV Temperature (K)
0,298.15
0.1,297.5595841
0.2,296.972794
0.3,296.3895879
0.4,295.8099249
0.5,295.2337647
0.6,294.6610677
0.7,294.0917949
0.8,293.5259079
0.9,292.963369
1,292.404141
1.1,291.8481873
1.2,291.295472
1.3,290.7459597
1.4,290.1996154
1.5,289.6564049
1.6,289.1162944
1.7,288.5792506
1.8,288.0452408
1.9,287.5142327
2,286.9861946
2.1,286.4610951
2.2,285.9389036
2.3,285.4195896
2.4,284.9031232
2.5,284.3894751
2.6,283.8786162
2.7,283.3705179
2.8,282.8651521
2.9,282.3624911
3,281.8625074
3.1,281.3651743
3.2,280.8704651
3.3,280.3783537
3.4,279.8888142
3.5,279.4018213
3.6,278.9173498
3.7,278.4353752
3.8,277.955873
3.9,277.4788192
4,277.0041902
4.1,276.5319626
4.2,276.0621133
4.3,275.5946197
4.4,275.1294594
4.5,274.6666102
4.6,274.2060505
4.7,273.7477587
4.8,273.2917136
4.9,272.8378944
5,272.3862803
5.1,271.936851
5.2,271.4895866
5.3,271.044467
5.4,270.6014728
5.5,270.1605847
5.6,269.7217837
5.7,269.2850509
5.8,268.8503679
5.9,268.4177162
6,267.9870779
6.1,267.558435
6.2,267.1317701
6.3,266.7070656
6.4,266.2843045
6.5,265.8634698
6.6,265.4445447
6.7,265.0275128
6.8,264.6123577
6.9,264.1990634
7,263.7876138
7.1,263.3779934
7.2,262.9701865
7.3,262.5641779
7.4,262.1599525
7.5,261.7574952
7.6,261.3567913
7.7,260.9578262
7.8,260.5605854
7.9,260.1650549
8,259.7712204
8.1,259.3790681
8.2,258.9885842
8.3,258.5997552
8.4,258.2125677
8.5,257.8270083
8.6,257.4430641
8.7,256.9120098
8.8,256.3840145
8.9,255.8590444
9,255.3370666
9.1,254.8180483
9.2,254.3019574
9.3,253.7887625
9.4,253.2784323
9.5,252.7709364
9.6,252.2662445
9.7,251.7643271
9.8,251.2651548
9.9,250.7686991
10,250.2749315
10.1,249.7838241
10.2,249.2953496
10.3,248.8094808
10.4,248.3261912
10.5,247.8454544
10.6,247.3672446
10.7,246.8915364
10.8,246.4183047
10.9,245.9475246
11,245.4791719
11.1,245.0132226
11.2,244.5496529
11.3,244.0884395
11.4,243.6295595
11.5,243.1729902
11.6,242.7187093
11.7,242.2666946
11.8,241.8169246
11.9,241.3693778
12,240.924033
12.1,240.4808695
12.2,240.0398668
12.3,239.6010046
12.4,239.1642629
12.5,238.729622
12.6,238.2970625
12.7,237.8665653
12.8,237.4381115
12.9,237.0116823
13,236.5872594
13.1,236.1648247
13.2,235.7443602
13.3,235.3258483
13.4,234.9092715
13.5,234.4946126
13.6,234.0818546
13.7,233.6709808
13.8,233.2619746
13.9,232.8548197
14,232.4494999
14.1,232.0459994
14.2,231.6443024
14.3,231.2443934
14.4,230.8462571
14.5,230.4498783
14.6,230.0552422
14.7,229.662334
14.8,229.2711391
14.9,228.8816432
15,228.493832
15.1,228.1076915
15.2,227.7232079
15.3,227.3403674
15.4,226.9591567
15.5,226.5795622
15.6,226.2015708
15.7,225.8251695
15.8,225.4503454
15.9,225.0770858
16,224.7053782
16.1,224.3352099
16.2,223.966569
16.3,223.5994431
16.4,223.2338203
16.5,222.8696887
16.6,222.5070367
16.7,222.1458527
16.8,221.7861252
16.9,221.427843
17,221.0709948
17.1,220.7155696
17.2,220.3615565
17.3,220.0089447
17.4,219.6577235
17.5,219.3078824
17.6,218.9594109
17.7,218.6122987
17.8,218.2665357
17.9,217.9221116
18,217.5790166
18.1,217.2372408
18.2,216.8967745
18.3,216.5576079
18.4,216.2197315
18.5,215.8831359
18.6,215.5478118
18.7,215.21375
18.8,214.8809412
18.9,214.5493764
19,214.2190468
19.1,213.8899434
19.2,213.5620575
19.3,213.2353806
19.4,212.9099039
19.5,212.585619
19.6,212.2625175
19.7,211.9405912
19.8,211.6198319
19.9,211.3002313
20,210.9817815
20.1,210.6644745
20.2,210.3483024
20.3,210.0332574
20.4,209.7193319
20.5,209.4065182
20.6,209.0948087
20.7,208.7841959
20.8,208.4746725
20.9,208.1662311
21,207.8588644
21.1,207.5525654
21.2,207.2473268
21.3,206.9431416
21.4,206.6400028
21.5,206.3379036
21.6,206.0368372
21.7,205.7367966
21.8,205.4377753
21.9,205.1397667
22,204.8427641
22.1,204.546761
22.2,204.251751
22.3,203.9577277
22.4,203.6646848
22.5,203.3726161
22.6,203.0815153
22.7,202.7913763
22.8,202.5021931
22.9,202.2139595
23,201.9266697
23.1,201.6403176
23.2,201.3548976
23.3,201.0704037
23.4,200.7868303
23.5,200.5041716
23.6,200.222422
23.7,199.9415759
23.8,199.6616277
23.9,199.3825721
24,199.1044035
24.1,198.8271166
24.2,198.5507061
24.3,198.2751666
24.4,198.0004929
24.5,197.7266798
24.6,197.4537223
24.7,197.1816151
24.8,196.9103533
24.9,196.6399318
25,196.3703457
25.1,196.10159
25.2,195.8336599
25.3,195.5665505
25.4,195.3002572
25.5,195.034775
25.6,194.7700994
25.7,194.5062256
25.8,194.243149
25.87237294,194.0533265
