Time (s),COPV Pressure (Pa)
0,28957992
0.1,28752091.19
0.2,28548574.92
0.3,28347404.02
0.4,28148540.13
0.5,27951945.69
0.6,27757583.95
0.7,27565418.92
0.8,27375415.37
0.9,27187538.76
1,27001755.32
1.1,26818031.92
1.2,26636336.15
1.3,26456636.22
1.4,26278901.01
1.5,26103100.02
1.6,25929203.36
1.7,25757181.74
1.8,25587006.44
1.9,25418649.32
2,25252082.79
2.1,25087279.81
2.2,24924213.85
2.3,24762858.91
2.4,24603189.49
2.5,24445180.58
2.6,24288807.66
2.7,24134046.64
2.8,23980873.95
2.9,23829266.41
3,23679201.3
3.1,23530656.34
3.2,23383609.64
3.3,23238039.73
3.4,23093925.55
3.5,22951246.4
3.6,22809981.99
3.7,22670112.39
3.8,22531618.02
3.9,22394479.68
4,22258678.49
4.1,22124195.94
4.2,21991013.82
4.3,21859114.28
4.4,21728479.76
4.5,21599093.02
4.6,21470937.12
4.7,21343995.43
4.8,21218251.6
4.9,21093689.56
5,20970293.55
5.1,20848048.03
5.2,20726937.78
5.3,20606947.81
5.4,20488063.4
5.5,20370270.06
5.6,20253553.59
5.7,20137899.97
5.8,20023295.47
5.9,19909726.56
6,19797179.94
6.1,19685642.53
6.2,19575101.49
6.3,19465544.16
6.4,19356958.11
6.5,19249331.09
6.6,19142651.09
6.7,19036906.25
6.8,18932084.93
6.9,18828175.68
7,18725167.22
7.1,18623048.45
7.2,18521808.46
7.3,18421436.5
7.4,18321922.01
7.5,18223254.58
7.6,18125423.97
7.7,18028420.09
7.8,17932233.02
7.9,17836853
8,17742270.41
8.1,17648475.77
8.2,17555459.78
8.3,17463213.24
8.4,17371727.11
8.5,17280992.51
8.6,17191000.65
8.7,17067076.26
8.8,16944548.16
8.9,16823394.06
9,16703592.11
9.1,16585120.93
9.2,16467959.57
9.3,16352087.5
9.4,16237484.62
9.5,16124131.23
9.6,16012008.03
9.7,15901096.09
9.8,15791376.89
9.9,15682832.25
10,15575444.36
10.1,15469195.76
10.2,15364069.34
10.3,15260048.3
10.4,15157116.18
10.5,15055256.85
10.6,14954454.48
10.7,14854693.54
10.8,14755958.79
10.9,14658235.3
11,14561508.4
11.1,14465763.71
11.2,14370987.13
11.3,14277164.79
11.4,14184283.1
11.5,14092328.73
11.6,14001288.57
11.7,13911149.78
11.8,13821899.72
11.9,13733526.01
12,13646016.48
12.1,13559359.19
12.2,13473542.4
12.3,13388554.59
12.4,13304384.44
12.5,13221020.83
12.6,13138452.84
12.7,13056669.76
12.8,12975661.02
12.9,12895416.29
13,12815925.38
13.1,12737178.29
13.2,12659165.2
13.3,12581876.45
13.4,12505302.54
13.5,12429434.15
13.6,12354262.09
13.7,12279777.36
13.8,12205971.08
13.9,12132834.54
14,12060359.16
14.1,11988536.52
14.2,11917358.34
14.3,11846816.44
14.4,11776902.83
14.5,11707609.61
14.6,11638929.02
14.7,11570853.43
14.8,11503375.33
14.9,11436487.35
15,11370182.2
15.1,11304452.74
15.2,11239291.93
15.3,11174692.85
15.4,11110648.68
15.5,11047152.71
15.6,10984198.34
15.7,10921779.07
15.8,10859888.51
15.9,10798520.35
16,10737668.4
16.1,10677326.55
16.2,10617488.8
16.3,10558149.21
16.4,10499301.98
16.5,10440941.35
16.6,10383061.67
16.7,10325657.39
16.8,10268723.01
16.9,10212253.14
17,10156242.46
17.1,10100685.73
17.2,10045577.78
17.3,9990913.527
17.4,9936687.967
17.5,9882896.16
17.6,9829533.242
17.7,9776594.418
17.8,9724074.965
17.9,9671970.228
18,9620275.62
18.1,9568986.617
18.2,9518098.765
18.3,9467607.67
18.4,9417509.001
18.5,9367798.49
18.6,9318471.928
18.7,9269525.167
18.8,9220954.117
18.9,9172754.744
19,9124923.071
19.1,9077455.179
19.2,9030347.199
19.3,8983595.319
19.4,8937195.778
19.5,8891144.868
19.6,8845438.931
19.7,8800074.358
19.8,8755047.591
19.9,8710355.121
20,8665993.483
20.1,8621959.261
20.2,8578249.087
20.3,8534859.634
20.4,8491787.622
20.5,8449029.815
20.6,8406583.018
20.7,8364444.081
20.8,8322609.893
20.9,8281077.386
21,8239843.53
21.1,8198905.338
21.2,8158259.858
21.3,8117904.18
21.4,8077835.429
21.5,8038050.768
21.6,7998547.397
21.7,7959322.553
21.8,7920373.506
21.9,7881697.562
22,7843292.061
22.1,7805154.377
22.2,7767281.918
22.3,7729672.124
22.4,7692322.467
22.5,7655230.45
22.6,7618393.608
22.7,7581809.509
22.8,7545475.746
22.9,7509389.947
23,7473549.767
23.1,7437952.889
23.2,7402597.026
23.3,7367479.919
23.4,7332599.336
23.5,7297953.072
23.6,7263538.949
23.7,7229354.816
23.8,7195398.547
23.9,7161668.043
24,7128161.228
24.1,7094876.053
24.2,7061810.492
24.3,7028962.544
24.4,6996330.232
24.5,6963911.6
24.6,6931704.72
24.7,6899707.681
24.8,6867918.598
24.9,6836335.607
25,6804956.866
25.1,6773780.555
25.2,6742804.874
25.3,6712028.044
25.4,6681448.307
25.5,6651063.925
25.6,6620873.181
25.7,6590874.376
25.8,6561065.831
25.87237294,6539629.007
