Time (s),Fuel Liquid Density (kg/m3)
0,808.440275
0.1,808.3749524
0.2,808.4050406
0.3,808.4300911
0.4,808.4546965
0.5,808.3953978
0.6,808.4179665
0.7,808.4402588
0.8,808.4587846
0.9,808.4049357
1,808.4252465
1.1,808.442269
1.2,808.4592636
1.3,808.4071607
1.4,808.4256842
1.5,808.4414158
1.6,808.454597
1.7,808.4070895
1.8,808.4219164
1.9,808.4365556
2,808.4489851
2.1,808.4613298
2.2,808.416704
2.3,808.4284855
2.4,808.4402068
2.5,808.4501398
2.6,808.4091436
2.7,808.4202642
2.8,808.4312247
2.9,808.4406143
3,808.4485454
3.1,808.4565382
3.2,808.4188804
3.3,808.4278473
3.4,808.4355123
3.5,808.4431505
3.6,808.4496075
3.7,808.4560765
3.8,808.4201823
3.9,808.4265428
4,808.4329121
4.1,808.4392291
4.2,808.4445714
4.3,808.4490032
4.4,808.4535007
4.5,808.4212781
4.6,808.4265619
4.7,808.4310144
4.8,808.4354763
4.9,808.4399032
5,808.443584
5.1,808.4465661
5.2,808.4495986
5.3,808.4526474
5.4,808.4229967
5.5,808.426091
5.6,808.4292
5.7,808.4322861
5.8,808.4347887
5.9,808.4367399
6,808.4387346
6.1,808.4407466
6.2,808.4422543
6.3,808.4432911
6.4,808.4443924
6.5,808.4455392
6.6,808.4462475
6.7,808.4465477
6.8,808.4469298
6.9,808.447372
7,808.4474358
7.1,808.4471436
7.2,808.4469447
7.3,808.4468156
7.4,808.4467402
7.5,808.4463361
7.6,808.4456272
7.7,808.4449961
7.8,808.44443
7.9,808.4435763
8,808.4424552
8.1,808.4414191
8.2,808.4404537
8.3,808.4395456
8.4,808.4383864
8.5,808.4369931
8.6,808.4356751
8.7,808.4344225
8.8,808.4332192
8.9,808.4317987
9,808.4301713
9.1,808.4286135
9.2,808.4271155
9.3,808.4256622
9.4,808.4240206
9.5,808.4221958
9.6,808.420436
9.7,808.4187297
9.8,808.4170663
9.9,808.4152383
10,808.4132489
10.1,808.4113204
10.2,808.4094405
10.3,808.4076021
10.4,808.405618
10.5,808.4034926
10.6,808.401424
10.7,808.3994006
10.8,808.3974173
10.9,808.3954695
11,808.3933919
11.1,808.3911936
11.2,808.3890392
11.3,808.3869241
11.4,808.3848442
11.5,808.3827935
11.6,808.3806297
11.7,808.3783585
11.8,808.3761263
11.9,808.3739291
12,808.3717623
12.1,808.3696197
12.2,808.3674984
12.3,808.3652821
12.4,808.3629726
12.5,808.3606955
12.6,808.3584441
12.7,808.3562156
12.8,808.3540075
12.9,808.3518176
13,808.3495443
13.1,808.3471928
13.2,808.3601995
13.3,808.3726491
13.4,808.3845503
13.5,808.3960091
13.6,808.406951
13.7,808.4173854
13.8,808.4274283
13.9,808.4370814
14,808.4462742
14.1,808.4550149
14.2,808.4390219
14.3,808.4233309
14.4,808.4320506
14.5,808.4404304
14.6,808.4484004
14.7,808.4559721
14.8,808.4404106
14.9,808.4254094
15,808.4330565
15.1,808.4403329
15.2,808.4472447
15.3,808.4538045
15.4,808.4386931
15.5,808.424102
15.6,808.4307592
15.7,808.4370844
15.8,808.4430864
15.9,808.4487748
16,808.4542253
16.1,808.4399175
16.2,808.4258502
16.3,808.431348
16.4,808.4365587
16.5,808.4415475
16.6,808.4463195
16.7,808.4508263
16.8,808.4368651
16.9,808.4231352
17,808.4277153
17.1,808.4320941
17.2,808.4362279
17.3,808.4401249
17.4,808.4437918
17.5,808.4472843
17.6,808.450605
17.7,808.437417
17.8,808.4244345
17.9,808.4278413
18,808.431041
18.1,808.4340803
18.2,808.436963
18.3,808.4396539
18.4,808.4421594
18.5,808.4444852
18.6,808.4466747
18.7,808.4487304
18.8,808.4506554
18.9,808.4380481
19,808.4256291
19.1,808.427637
19.2,808.4295193
19.3,808.4312787
19.4,808.4329171
19.5,808.4344083
19.6,808.4357563
19.7,808.436966
19.8,808.4380707
19.9,808.4390728
20,808.4399745
20.1,808.4407507
20.2,808.4414056
20.3,808.4419433
20.4,808.4423935
20.5,808.4427583
20.6,808.4430394
20.7,808.4432387
20.8,808.4433338
20.9,808.4433283
21,808.4432256
21.1,808.443052
21.2,808.4428088
21.3,808.4424977
21.4,808.4421202
21.5,808.4416562
21.6,808.4411088
21.7,808.4404811
21.8,808.4397758
21.9,808.4390153
22,808.4382009
22.1,808.4373336
22.2,808.4364148
22.3,808.4354454
22.4,808.4344266
22.5,808.4333415
22.6,808.4321925
22.7,808.4309819
22.8,808.429729
22.9,808.4284345
23,808.4270995
23.1,808.4257248
23.2,808.4243097
23.3,808.4228425
23.4,808.4213236
23.5,808.4197551
23.6,808.4181535
23.7,808.4165195
23.8,808.4148539
23.9,808.4131564
24,808.4114272
24.1,808.4096669
24.2,808.4078762
24.3,808.4060464
24.4,808.4041789
24.5,808.402274
24.6,808.4003446
24.7,808.39839
24.8,808.3964108
24.9,808.3944078
25,808.3923813
25.1,808.390332
25.2,808.3882604
25.3,808.386167
25.4,808.3840525
25.5,808.3819169
25.6,808.3797539
25.7,808.3775644
25.8,808.3753494
25.9,808.3731172
26,808.3708682
26.1,808.3686029
26.2,808.3663218
26.3,808.3640251
26.4,808.3617126
26.5,808.3593845
26.6,808.3570413
26.7,808.3546835
26.8,808.3523114
26.9,808.3499254
27,808.347526
27.1,808.3451135
27.2,808.3426883
27.3,808.3402509
27.4,808.3378014
27.5,808.3353405
27.6,808.3328679
27.7,808.330384
27.8,808.3278892
27.9,808.3253838
28,808.3228681
28.04016849,808.3218536
