Time (s),Fuel Ullage Gas Density (kg/m3)
0,32.5353863
0.1,31.78448268
0.2,32.25411893
0.3,32.66357149
0.4,33.06691589
0.5,32.3800288
0.6,32.74927831
0.7,33.11478596
0.8,33.43460485
0.9,32.80588478
1,33.13888522
1.1,33.4318628
1.2,33.72402812
1.3,33.11086007
1.4,33.41456573
1.5,33.68420131
1.6,33.92239384
1.7,33.35917203
1.8,33.61126753
1.9,33.86116985
2,34.08378573
2.1,34.30523559
2.2,33.77237849
2.3,33.98151376
2.4,34.18995422
2.5,34.37606905
2.6,33.88307989
2.7,34.07948911
2.8,34.27411419
2.9,34.44907634
3,34.6056267
3.1,34.7628285
3.2,34.30670562
3.3,34.47235962
3.4,34.62155327
3.5,34.77044563
3.6,34.90427448
3.7,35.0381886
3.8,34.60007808
3.9,34.72901674
4,34.85811092
4.1,34.98660738
4.2,35.10255779
4.3,35.20669007
4.4,35.31154816
4.5,34.91496439
4.6,35.02702524
4.7,35.12829313
4.8,35.2296793
4.9,35.33063156
5,35.42180967
5.1,35.50375962
5.2,35.5862466
5.3,35.66885156
5.4,35.30030009
5.5,35.38087125
5.6,35.46161119
5.7,35.54204769
5.8,35.61471137
5.9,35.67997453
6,35.74570307
6.1,35.8115693
6.2,35.87061095
6.3,35.92322476
6.4,35.97652415
6.5,36.0302774
6.6,36.07800524
6.7,36.12007032
6.8,36.16301436
6.9,36.20657151
7,36.24484551
7.1,36.2781003
7.2,36.31236548
7.3,36.34735283
7.4,36.38286546
7.5,36.41372224
7.6,36.44021287
7.7,36.4675183
7.8,36.49548344
7.9,36.5193101
8,36.53924335
8.1,36.56008103
8.2,36.58164888
8.3,36.60378091
8.4,36.62224844
8.5,36.63725815
8.6,36.65305726
8.7,36.66952352
8.8,36.6864555
8.9,36.7001669
9,36.71077929
9.1,36.7221158
9.2,36.73405452
9.3,36.7464052
9.4,36.75591597
9.5,36.7626452
9.6,36.77004575
9.7,36.77797475
9.8,36.78629999
9.9,36.79209975
10,36.79541116
10.1,36.79934988
10.2,36.80376031
10.3,36.80855418
10.4,36.81107973
10.5,36.81138939
10.6,36.81228099
10.7,36.81360751
10.8,36.81530622
10.9,36.8173187
11,36.81728552
11.1,36.81532191
11.2,36.81378214
11.3,36.81261033
11.4,36.81175431
11.5,36.81113815
11.6,36.80870778
11.7,36.80453663
11.8,36.80073294
11.9,36.79724972
12,36.7940268
12.1,36.79098458
12.2,36.78808713
12.3,36.78362809
12.4,36.7776325
12.5,36.77192745
12.6,36.76642734
12.7,36.76109626
12.8,36.75590341
12.9,36.75082008
13,36.74434323
13.1,36.73654268
13.2,36.96567258
13.3,37.18737318
13.4,37.40174124
13.5,37.61077285
13.6,37.81284799
13.7,38.00807212
13.8,38.19852952
13.9,38.38419134
14,38.56357183
14.1,38.73676245
14.2,38.52197607
14.3,38.31070199
14.4,38.48243025
14.5,38.64992375
14.6,38.81175628
14.7,38.96806605
14.8,38.75796941
14.9,38.55493654
15,38.71152998
15.1,38.86295645
15.2,39.00928109
15.3,39.15066359
15.4,38.9454985
15.5,38.74692133
15.6,38.88886449
15.7,39.02612201
15.8,39.15880115
15.9,39.28702094
16,39.4121551
16.1,39.2166965
16.2,39.02407913
16.3,39.14873478
16.4,39.26927092
16.5,39.38689792
16.6,39.50166338
16.7,39.61257808
16.8,39.42058783
16.9,39.23135092
17,39.34215686
17.1,39.45027781
17.2,39.55481304
17.3,39.65586793
17.4,39.75352504
17.5,39.84881314
17.6,39.94175082
17.7,39.75892251
17.8,39.57855385
17.9,39.67160714
18,39.76156327
18.1,39.84930632
18.2,39.93487138
18.3,40.0175332
18.4,40.09737523
18.5,40.17447118
18.6,40.24963219
18.7,40.32288131
18.8,40.3942484
18.9,40.21755217
19,40.04313727
19.1,40.11440808
19.2,40.18386955
19.3,40.25154967
19.4,40.31746266
19.5,40.38105926
19.6,40.44239148
19.7,40.50152283
19.8,40.55908625
19.9,40.61510561
20,40.66960432
20.1,40.72206927
20.2,40.77255735
20.3,40.82112386
20.4,40.86833076
20.5,40.91419826
20.6,40.95874629
20.7,41.00199443
20.8,41.04349395
20.9,41.08329361
21,41.12144079
21.1,41.15842576
21.2,41.19426538
21.3,41.22897627
21.4,41.26257483
21.5,41.29466748
21.6,41.32529608
21.7,41.35450129
21.8,41.3823226
21.9,41.409181
22,41.43508997
22.1,41.46006284
22.2,41.48411274
22.3,41.50725264
22.4,41.52949378
22.5,41.55051195
22.6,41.57033949
22.7,41.58900933
22.8,41.60687708
22.9,41.62395371
23,41.64025008
23.1,41.6557769
23.2,41.67052162
23.3,41.68424767
23.4,41.69696059
23.5,41.70868838
23.6,41.71973785
23.7,41.73011809
23.8,41.73983807
23.9,41.74889164
24,41.75727979
24.1,41.76501192
24.2,41.77209733
24.3,41.77835644
24.4,41.7838116
24.5,41.78846771
24.6,41.79256089
24.7,41.7960822
24.8,41.79903957
24.9,41.80144084
25,41.80329377
25.1,41.80460608
25.2,41.80538539
25.3,41.80563928
25.4,41.80537522
25.5,41.80459514
25.6,41.80317367
25.7,41.80112287
25.8,41.79845987
25.9,41.79533963
26,41.79176852
26.1,41.78775283
26.2,41.78329882
26.3,41.7784127
26.4,41.7730885
26.5,41.76733147
26.6,41.76114805
26.7,41.75454464
26.8,41.74752755
26.9,41.74010304
27,41.73227731
27.1,41.72405649
27.2,41.71544664
27.3,41.70645377
27.4,41.69708383
27.5,41.6873427
27.6,41.67722978
27.7,41.66674991
27.8,41.65590902
27.9,41.644713
28,41.63316763
28.04016849,41.62839201
