Time (s),Fuel Liquid Volume (m3)
0,0.05211
0.1,0.0519292699
0.2,0.05174729757
0.3,0.05155600588
0.4,0.05136960109
0.5,0.05119161309
0.6,0.05099950575
0.7,0.05081234587
0.8,0.05061731502
0.9,0.05044209678
1,0.05025425875
1.1,0.05005907087
1.2,0.04986863671
1.3,0.04968546212
1.4,0.04950160956
1.5,0.04931100758
1.6,0.04911406572
1.7,0.04893432438
1.8,0.04874427301
1.9,0.04855786235
2,0.04836554633
2.1,0.04817682941
2.2,0.04799407134
2.3,0.04780218719
2.4,0.04761388609
2.5,0.04742032002
2.6,0.04724078119
2.7,0.04705282016
2.8,0.04686778761
2.9,0.04667783227
3,0.04648318367
3.1,0.04629194335
3.2,0.04611287955
3.3,0.04592646548
3.4,0.04573560687
3.5,0.04554763426
3.6,0.04535547882
3.7,0.04516617056
3.8,0.04498138166
3.9,0.04479013832
4,0.04460171131
4.1,0.0444157291
4.2,0.04422596914
4.3,0.04403258983
4.4,0.04384196277
4.5,0.04366115677
4.6,0.04347468833
4.7,0.04328474972
4.8,0.04309721893
4.9,0.04291180221
5,0.04272313142
5.1,0.04253133961
5.2,0.04234191139
5.3,0.04215462104
5.4,0.04197081273
5.5,0.04178222217
5.6,0.04159577116
5.7,0.04141119322
5.8,0.0412237742
5.9,0.04103360332
6,0.04084553187
6.1,0.04065937056
6.2,0.04047058232
6.3,0.04027928665
6.4,0.04009004998
6.5,0.03990273636
6.6,0.03971298179
6.7,0.03952090321
6.8,0.03933086121
6.9,0.03914270147
7,0.03895230034
7.1,0.03875973358
7.2,0.03856917314
7.3,0.03838045056
7.4,0.03819344602
7.5,0.03800435185
7.6,0.03781327446
7.7,0.03762399612
7.8,0.03743642188
7.9,0.0372469027
8,0.03705552943
8.1,0.03686593281
8.2,0.03667800551
8.3,0.03649164201
8.4,0.03630346518
8.5,0.03611355388
8.6,0.03592528055
8.7,0.03573856714
8.8,0.0355532809
8.9,0.03536632369
9,0.03517772882
9.1,0.03499067005
9.2,0.03480506657
9.3,0.03462078836
9.4,0.03443496677
9.5,0.03424759971
9.6,0.03406168056
9.7,0.03387711074
9.8,0.03369379645
9.9,0.03350904406
10,0.03332284216
10.1,0.03313801089
10.2,0.03295443892
10.3,0.03277206122
10.4,0.03258832939
10.5,0.03240324804
10.6,0.03221946313
10.7,0.03203686587
10.8,0.03185540844
10.9,0.03167504506
11,0.03149339378
11.1,0.03131051272
11.2,0.03112876931
11.3,0.03094811989
11.4,0.0307685226
11.5,0.03058991577
11.6,0.03041011017
11.7,0.03022913729
11.8,0.03004921904
11.9,0.02987031695
12,0.02969238083
12.1,0.02951534339
12.2,0.02933917192
12.3,0.0291619171
12.4,0.02898357635
12.5,0.02880618853
12.6,0.02862968012
12.7,0.0284540183
12.8,0.02827917393
12.9,0.02810511913
13,0.02793004275
13.1,0.02775398461
13.2,0.02757805204
13.3,0.02739896145
13.4,0.02721674068
13.5,0.02703540464
13.6,0.02685111059
13.7,0.0266638909
13.8,0.02647774283
13.9,0.02629250517
14,0.02610459619
14.1,0.0259140365
14.2,0.02572532208
14.3,0.02553762922
14.4,0.02535021684
14.5,0.02516377357
14.6,0.02497484584
14.7,0.02478350159
14.8,0.02459390329
14.9,0.02440871628
15,0.02422369084
15.1,0.02403635204
15.2,0.0238467079
15.3,0.02365485292
15.4,0.02346465083
15.5,0.02327863791
15.6,0.02309290867
15.7,0.02290501074
15.8,0.02271499675
15.9,0.02252293035
16,0.02233192216
16.1,0.02214537815
16.2,0.02195971767
16.3,0.02177148675
16.4,0.02158130766
16.5,0.02139210964
16.6,0.02120385147
16.7,0.02101374436
16.8,0.02082503831
16.9,0.02063723107
17,0.02044987521
17.1,0.02026340981
17.2,0.0200751679
17.3,0.01988521487
17.4,0.0196935936
17.5,0.01950295236
17.6,0.0193132361
17.7,0.0191272448
17.8,0.0189420719
17.9,0.01875488138
18,0.01856611368
18.1,0.01837822693
18.2,0.01819118984
18.3,0.01800265071
18.4,0.0178126621
18.5,0.01762126691
18.6,0.01743078492
18.7,0.01724117913
18.8,0.01705242124
18.9,0.01686478505
19,0.01667794743
19.1,0.01648946036
19.2,0.01630180983
19.3,0.01611496951
19.4,0.01592889948
19.5,0.01574156784
19.6,0.01555300252
19.7,0.01536324448
19.8,0.01517431771
19.9,0.01498619818
20,0.01479886264
20.1,0.01461039259
20.2,0.01442082503
20.3,0.01423019572
20.4,0.01404038946
20.5,0.01385138419
20.6,0.01366315853
20.7,0.01347569177
20.8,0.01328721814
20.9,0.01309776979
21,0.01290737781
21.1,0.01271777861
21.2,0.01252895243
21.3,0.01234088012
21.4,0.01215354311
21.5,0.01196530962
21.6,0.01177620772
21.7,0.01158626462
21.8,0.01139550665
21.9,0.01120552757
22,0.01101630954
22.1,0.01082783523
22.2,0.01064008777
22.3,0.0104530508
22.4,0.01026670652
22.5,0.01007959461
22.6,0.009891736707
22.7,0.009703155603
22.8,0.009515293815
22.9,0.009328136045
23,0.009141667416
23.1,0.008955873459
23.2,0.008770711788
23.3,0.008584892467
23.4,0.008398407775
23.5,0.008211277694
23.6,0.008024830172
23.7,0.00783905163
23.8,0.007653928845
23.9,0.007469430135
24,0.007285532972
24.1,0.007102225762
24.2,0.006919497248
24.3,0.006736205298
24.4,0.006552366352
24.5,0.006367974858
24.6,0.006184204061
24.7,0.006001021432
24.8,0.005818416281
24.9,0.005636378209
25,0.005454897104
25.1,0.005273963133
25.2,0.005093566736
25.3,0.004913698617
25.4,0.004734349737
25.5,0.004555504031
25.6,0.004376180124
25.7,0.004196384533
25.8,0.004016130704
25.9,0.003836406308
26,0.003657202669
26.1,0.003478511339
26.2,0.003300324094
26.3,0.003122632927
26.4,0.002945413581
26.5,0.002768657165
26.6,0.00259235668
26.7,0.002416505323
26.8,0.002241096477
26.9,0.002066123708
27,0.001891580755
27.1,0.001717461533
27.2,0.00154376012
27.3,0.001370470756
27.4,0.001197587838
27.5,0.001025105914
27.6,0.0008530106201
27.7,0.0006812954143
27.8,0.0005099555317
27.9,0.0003389863386
28,0.0001683833283
28.04016849,0.0001
