Time (s),Fuel Ullage Volume (m3)
0,0.00765
0.1,0.007830730097
0.2,0.008012702428
0.3,0.00820399412
0.4,0.008390398909
0.5,0.008568386912
0.6,0.008760494246
0.7,0.008947654129
0.8,0.009142684976
0.9,0.009317903222
1,0.009505741246
1.1,0.009700929135
1.2,0.009891363295
1.3,0.01007453788
1.4,0.01025839044
1.5,0.01044899242
1.6,0.01064593428
1.7,0.01082567562
1.8,0.01101572699
1.9,0.01120213765
2,0.01139445367
2.1,0.01158317059
2.2,0.01176592866
2.3,0.01195781281
2.4,0.01214611391
2.5,0.01233967998
2.6,0.01251921881
2.7,0.01270717984
2.8,0.01289221239
2.9,0.01308216773
3,0.01327681633
3.1,0.01346805665
3.2,0.01364712045
3.3,0.01383353452
3.4,0.01402439313
3.5,0.01421236574
3.6,0.01440452118
3.7,0.01459382944
3.8,0.01477861834
3.9,0.01496986168
4,0.01515828869
4.1,0.0153442709
4.2,0.01553403086
4.3,0.01572741017
4.4,0.01591803723
4.5,0.01609884323
4.6,0.01628531167
4.7,0.01647525028
4.8,0.01666278107
4.9,0.01684819779
5,0.01703686858
5.1,0.01722866039
5.2,0.01741808861
5.3,0.01760537896
5.4,0.01778918727
5.5,0.01797777783
5.6,0.01816422884
5.7,0.01834880678
5.8,0.0185362258
5.9,0.01872639668
6,0.01891446813
6.1,0.01910062944
6.2,0.01928941768
6.3,0.01948071335
6.4,0.01966995002
6.5,0.01985726364
6.6,0.02004701821
6.7,0.02023909679
6.8,0.02042913879
6.9,0.02061729853
7,0.02080769966
7.1,0.02100026642
7.2,0.02119082686
7.3,0.02137954944
7.4,0.02156655398
7.5,0.02175564815
7.6,0.02194672554
7.7,0.02213600388
7.8,0.02232357812
7.9,0.0225130973
8,0.02270447057
8.1,0.02289406719
8.2,0.02308199449
8.3,0.02326835799
8.4,0.02345653482
8.5,0.02364644612
8.6,0.02383471945
8.7,0.02402143286
8.8,0.0242067191
8.9,0.02439367631
9,0.02458227118
9.1,0.02476932995
9.2,0.02495493343
9.3,0.02513921164
9.4,0.02532503323
9.5,0.02551240029
9.6,0.02569831944
9.7,0.02588288926
9.8,0.02606620355
9.9,0.02625095594
10,0.02643715784
10.1,0.02662198911
10.2,0.02680556108
10.3,0.02698793878
10.4,0.02717167061
10.5,0.02735675196
10.6,0.02754053687
10.7,0.02772313413
10.8,0.02790459156
10.9,0.02808495494
11,0.02826660622
11.1,0.02844948728
11.2,0.02863123069
11.3,0.02881188011
11.4,0.0289914774
11.5,0.02917008423
11.6,0.02934988983
11.7,0.02953086271
11.8,0.02971078096
11.9,0.02988968305
12,0.03006761917
12.1,0.03024465661
12.2,0.03042082808
12.3,0.0305980829
12.4,0.03077642365
12.5,0.03095381147
12.6,0.03113031988
12.7,0.0313059817
12.8,0.03148082607
12.9,0.03165488087
13,0.03182995725
13.1,0.03200601539
13.2,0.03218194796
13.3,0.03236103855
13.4,0.03254325932
13.5,0.03272459536
13.6,0.03290888941
13.7,0.0330961091
13.8,0.03328225717
13.9,0.03346749483
14,0.03365540381
14.1,0.0338459635
14.2,0.03403467792
14.3,0.03422237078
14.4,0.03440978316
14.5,0.03459622643
14.6,0.03478515416
14.7,0.03497649841
14.8,0.03516609671
14.9,0.03535128372
15,0.03553630916
15.1,0.03572364796
15.2,0.0359132921
15.3,0.03610514708
15.4,0.03629534917
15.5,0.03648136209
15.6,0.03666709133
15.7,0.03685498926
15.8,0.03704500325
15.9,0.03723706965
16,0.03742807784
16.1,0.03761462185
16.2,0.03780028233
16.3,0.03798851325
16.4,0.03817869234
16.5,0.03836789036
16.6,0.03855614853
16.7,0.03874625564
16.8,0.03893496169
16.9,0.03912276893
17,0.03931012479
17.1,0.03949659019
17.2,0.0396848321
17.3,0.03987478513
17.4,0.0400664064
17.5,0.04025704764
17.6,0.0404467639
17.7,0.0406327552
17.8,0.0408179281
17.9,0.04100511862
18,0.04119388632
18.1,0.04138177307
18.2,0.04156881016
18.3,0.04175734929
18.4,0.0419473379
18.5,0.04213873309
18.6,0.04232921508
18.7,0.04251882087
18.8,0.04270757876
18.9,0.04289521495
19,0.04308205257
19.1,0.04327053964
19.2,0.04345819017
19.3,0.04364503049
19.4,0.04383110052
19.5,0.04401843216
19.6,0.04420699748
19.7,0.04439675552
19.8,0.04458568229
19.9,0.04477380182
20,0.04496113736
20.1,0.04514960741
20.2,0.04533917497
20.3,0.04552980428
20.4,0.04571961054
20.5,0.04590861581
20.6,0.04609684147
20.7,0.04628430823
20.8,0.04647278186
20.9,0.04666223021
21,0.04685262219
21.1,0.04704222139
21.2,0.04723104757
21.3,0.04741911988
21.4,0.04760645689
21.5,0.04779469038
21.6,0.04798379228
21.7,0.04817373538
21.8,0.04836449335
21.9,0.04855447243
22,0.04874369046
22.1,0.04893216477
22.2,0.04911991223
22.3,0.0493069492
22.4,0.04949329348
22.5,0.04968040539
22.6,0.04986826329
22.7,0.0500568444
22.8,0.05024470619
22.9,0.05043186396
23,0.05061833258
23.1,0.05080412654
23.2,0.05098928821
23.3,0.05117510753
23.4,0.05136159222
23.5,0.05154872231
23.6,0.05173516983
23.7,0.05192094837
23.8,0.05210607116
23.9,0.05229056986
24,0.05247446703
24.1,0.05265777424
24.2,0.05284050275
24.3,0.0530237947
24.4,0.05320763365
24.5,0.05339202514
24.6,0.05357579594
24.7,0.05375897857
24.8,0.05394158372
24.9,0.05412362179
25,0.0543051029
25.1,0.05448603687
25.2,0.05466643326
25.3,0.05484630138
25.4,0.05502565026
25.5,0.05520449597
25.6,0.05538381988
25.7,0.05556361547
25.8,0.0557438693
25.9,0.05592359369
26,0.05610279733
26.1,0.05628148866
26.2,0.05645967591
26.3,0.05663736707
26.4,0.05681458642
26.5,0.05699134284
26.6,0.05716764332
26.7,0.05734349468
26.8,0.05751890352
26.9,0.05769387629
27,0.05786841924
27.1,0.05804253847
27.2,0.05821623988
27.3,0.05838952924
27.4,0.05856241216
27.5,0.05873489409
27.6,0.05890698938
27.7,0.05907870459
27.8,0.05925004447
27.9,0.05942101366
28,0.05959161667
28.04016849,0.05966
