Time (s),Fuel Liquid Mass (kg)
0,42.12782273
0.1,41.97066826
0.2,41.81534318
0.3,41.66118216
0.4,41.50774861
0.5,41.35475139
0.6,41.20198736
0.7,41.04931186
0.8,40.8966233
0.9,40.74385316
1,40.58056642
1.1,40.41857499
1.2,40.25762022
1.3,40.09750997
1.4,39.93809837
1.5,39.77926824
1.6,39.62092774
1.7,39.463005
1.8,39.29668705
1.9,39.13170558
2,38.96789499
2.1,38.80509689
2.2,38.64320186
2.3,38.48209878
2.4,38.32170959
2.5,38.16196682
2.6,38.00280771
2.7,37.84418352
2.8,37.68605236
2.9,37.52837825
3,37.37113001
3.1,37.20749738
3.2,37.04483253
3.3,36.88306118
3.4,36.72211901
3.5,36.56193842
3.6,36.4024659
3.7,36.2436567
3.8,36.08547084
3.9,35.92787047
4,35.77082182
4.1,35.61429648
4.2,35.45826897
4.3,35.30271638
4.4,35.1476181
4.5,34.99295558
4.6,34.83871195
4.7,34.68487217
4.8,34.53142264
4.9,34.37835106
5,34.22564628
5.1,34.0732982
5.2,33.92129767
5.3,33.76963634
5.4,33.61830664
5.5,33.46730165
5.6,33.31661507
5.7,33.16624114
5.8,33.0161748
5.9,32.86641148
6,32.71694671
6.1,32.5677764
6.2,32.41889671
6.3,32.27030415
6.4,32.12199549
6.5,31.97396776
6.6,31.82621816
6.7,31.67874413
6.8,31.53154326
6.9,31.3846133
7,31.23795215
7.1,31.09155785
7.2,30.94542854
7.3,30.79956246
7.4,30.65395798
7.5,30.50861352
7.6,30.3635276
7.7,30.2186988
7.8,30.07412579
7.9,29.92980726
8,29.78574198
8.1,29.64192875
8.2,29.49836645
8.3,29.35505395
8.4,29.21199016
8.5,29.06917401
8.6,28.92660448
8.7,28.78332011
8.8,28.63935008
8.9,28.49472369
9,28.34947084
9.1,28.20362077
9.2,28.05720163
9.3,27.91024111
9.4,27.76276649
9.5,27.61480451
9.6,27.46323615
9.7,27.31137775
9.8,27.15924651
9.9,27.00685939
10,26.85423325
10.1,26.70138524
10.2,26.54833148
10.3,26.39213158
10.4,26.23588415
10.5,26.0795981
10.6,25.92328232
10.7,25.7669456
10.8,25.61059663
10.9,25.45424413
11,25.29789665
11.1,25.14156265
11.2,24.98249728
11.3,24.82356912
11.4,24.66478137
11.5,24.50613731
11.6,24.34764026
11.7,24.18929354
11.8,24.03110053
11.9,23.87306457
12,23.71518903
12.1,23.55747722
12.2,23.39993244
12.3,23.24255795
12.4,23.08535697
12.5,22.92833265
12.6,22.77148802
12.7,22.61482613
12.8,22.45834999
12.9,22.30206251
13,22.14596653
13.1,21.99006485
13.2,21.83436016
13.3,21.67885509
13.4,21.5235522
13.5,21.36845396
13.6,21.21356277
13.7,21.05888095
13.8,20.90441075
13.9,20.75015434
14,20.59611381
14.1,20.44229118
14.2,20.28868838
14.3,20.1353073
14.4,19.98214972
14.5,19.82921737
14.6,19.67651191
14.7,19.52403491
14.8,19.37178791
14.9,19.21977235
15,19.06798961
15.1,18.91644103
15.2,18.76512785
15.3,18.61405128
15.4,18.46321246
15.5,18.31261247
15.6,18.16225233
15.7,18.01213302
15.8,17.86225541
15.9,17.71262035
16,17.56322864
16.1,17.41408106
16.2,17.2651783
16.3,17.11652103
16.4,16.96810988
16.5,16.81994542
16.6,16.67202818
16.7,16.52435864
16.8,16.37693726
16.9,16.22976444
17,16.08284056
17.1,15.93616594
17.2,15.78974088
17.3,15.64356565
17.4,15.49764046
17.5,15.35196553
17.6,15.20654105
17.7,15.06136714
17.8,14.91644389
17.9,14.77177131
18,14.62734945
18.1,14.48317831
18.2,14.33925789
18.3,14.19558814
18.4,14.05216901
18.5,13.9090004
18.6,13.7660822
18.7,13.62341429
18.8,13.4809965
18.9,13.33882867
19,13.1969106
19.1,13.05524206
19.2,12.91382284
19.3,12.77265267
19.4,12.6317313
19.5,12.49105842
19.6,12.35063374
19.7,12.21045692
19.8,12.07052758
19.9,11.93084537
20,11.79140993
20.1,11.65222088
20.2,11.51327783
20.3,11.37458039
20.4,11.23612814
20.5,11.09792066
20.6,10.9599575
20.7,10.82223822
20.8,10.68476237
20.9,10.54752947
21,10.41053905
21.1,10.27379062
21.2,10.13728368
21.2151306,10.11666583
