Time (s),Fuel Ullage Temperature (K)
0,298.15
0.1,298.1557521
0.2,298.1250973
0.3,298.0494893
0.4,297.9260979
0.5,297.7553706
0.6,297.5394284
0.7,297.281172
0.8,296.9839258
0.9,296.4531966
1,295.9338023
1.1,295.4199512
1.2,294.9078982
1.3,294.3951008
1.4,293.8801448
1.5,293.3621342
1.6,292.690461
1.7,292.0442478
1.8,291.4179801
1.9,290.8078653
2,290.2106532
2.1,289.6241205
2.2,289.0463607
2.3,288.4760518
2.4,287.799716
2.5,287.1475161
2.6,286.5158758
2.7,285.9018121
2.8,285.3029698
2.9,284.7172859
3,284.1432565
3.1,283.5794546
3.2,283.0247901
3.3,282.4783692
3.4,281.9394085
3.5,281.4072364
3.6,280.8065243
3.7,280.2213907
3.8,279.6503408
3.9,279.091907
4,278.5448329
4.1,278.0081376
4.2,277.4809391
4.3,276.9623803
4.4,276.4518048
4.5,275.9486327
4.6,275.4523508
4.7,274.9624829
4.8,274.4786164
4.9,274.0003966
5,273.5275076
5.1,273.0596673
5.2,272.5966236
5.3,272.1381506
5.4,271.684044
5.5,271.2341215
5.6,270.788219
5.7,270.3461881
5.8,269.9078944
5.9,269.473216
6,269.0420414
6.1,268.6142694
6.2,268.1898071
6.3,267.7685693
6.4,267.3504776
6.5,266.9354597
6.6,266.5234487
6.7,266.1143839
6.8,265.7082088
6.9,265.3048689
7,264.9043133
7.1,264.5064941
7.2,264.1113664
7.3,263.7188874
7.4,263.3290168
7.5,262.9417163
7.6,262.5569494
7.7,262.1746812
7.8,261.7948782
7.9,261.4175084
8,261.042541
8.1,260.6699463
8.2,260.2996954
8.3,259.9317608
8.4,259.5661153
8.5,259.2027327
8.6,258.8415874
8.7,258.9871839
8.8,259.0970869
8.9,259.1737659
9,259.2195145
9.1,259.2364691
9.2,259.2265721
9.3,259.1916789
9.4,259.1334863
9.5,259.0535479
9.6,258.9533728
9.7,258.8343624
9.8,258.6977078
9.9,258.5446447
10,258.3763259
10.1,258.1938269
10.2,257.9980398
10.3,257.789886
10.4,257.5702532
10.5,257.3399705
10.6,257.0998126
10.7,256.8504997
10.8,256.5925915
10.9,256.3267317
11,256.0535217
11.1,255.7735241
11.2,255.4872652
11.3,255.1952373
11.4,254.8979011
11.5,254.5956879
11.6,254.2889657
11.7,253.9780706
11.8,253.6633633
11.9,253.3451812
12,253.0238407
12.1,252.699638
12.2,252.3728507
12.3,252.0437389
12.4,251.7125463
12.5,251.3795013
12.6,251.0448182
12.7,250.7086975
12.8,250.3713274
12.9,250.0328842
13,249.6935333
13.1,249.3534075
13.2,249.0126373
13.3,248.6713613
13.4,248.3297094
13.5,247.9878034
13.6,247.6457573
13.7,247.3036781
13.8,246.9616658
13.9,246.619814
14,246.2782105
14.1,245.9369373
14.2,245.5960713
14.3,245.2556843
14.4,244.9158434
14.5,244.5766114
14.6,244.2380469
14.7,243.9002045
14.8,243.5631354
14.9,243.226887
15,242.8915038
15.1,242.5570269
15.2,242.2234947
15.3,241.890943
15.4,241.5594047
15.5,241.2289105
15.6,240.8994889
15.7,240.5711662
15.8,240.2439665
15.9,239.9179122
16,239.5930238
16.1,239.2693203
16.2,238.9468187
16.3,238.625535
16.4,238.3054834
16.5,237.9866771
16.6,237.6691271
16.7,237.3528351
16.8,237.0378109
16.9,236.7240634
17,236.4116004
17.1,236.1004289
17.2,235.7905547
17.3,235.4819831
17.4,235.1747184
17.5,234.8687642
17.6,234.5641233
17.7,234.260798
17.8,233.9587898
17.9,233.6580998
18,233.3587283
18.1,233.0606753
18.2,232.7639402
18.3,232.468522
18.4,232.1744192
18.5,231.88163
18.6,231.590152
18.7,231.2999827
18.8,231.0111191
18.9,230.723558
19,230.4372957
19.1,230.1523285
19.2,229.8686523
19.3,229.5862627
19.4,229.3051551
19.5,229.0253249
19.6,228.7467669
19.7,228.4694761
19.8,228.1934472
19.9,227.9186746
20,227.6451527
20.1,227.3728758
20.2,227.101838
20.3,226.8320332
20.4,226.5634554
20.5,226.2960985
20.6,226.029956
20.7,225.7650216
20.8,225.5012889
20.9,225.2387514
21,224.9774025
21.1,224.7172356
21.2,224.4582441
21.3,224.2004212
21.4,223.9437601
21.5,223.6882541
21.6,223.4338965
21.7,223.1806803
21.8,222.9285987
21.9,222.677645
22,222.4278121
22.1,222.1790932
22.2,221.9314815
22.3,221.68497
22.4,221.4395519
22.5,221.1952204
22.6,220.9519684
22.7,220.7097893
22.8,220.4686761
22.9,220.2286221
23,219.9896204
23.1,219.7516643
23.2,219.514747
23.3,219.2788617
23.4,219.0440017
23.5,218.8101604
23.6,218.577331
23.7,218.345507
23.8,218.1146818
23.9,217.8848486
24,217.6560011
24.1,217.4281327
24.2,217.201237
24.3,216.9753074
24.4,216.7503376
24.5,216.5263212
24.6,216.3032518
24.7,216.0811232
24.8,215.8599292
24.9,215.6396634
25,215.4203197
25.1,215.201892
25.2,214.9843742
25.3,214.7677601
25.4,214.5520439
25.5,214.3372195
25.6,214.1232809
25.7,213.9102223
25.8,213.6980378
25.87237294,213.5451021
