Time (s),Fuel Ullage Gas Mass (kg)
0,0.2488957052
0.1,0.2488957052
0.2,0.2584426571
0.3,0.2679717484
0.4,0.277444615
0.5,0.277444615
0.6,0.2868998642
0.7,0.2962996513
0.8,0.3056820595
0.9,0.3056820595
1,0.3150096681
1.1,0.3243201318
1.2,0.3335766139
1.3,0.3335766139
1.4,0.3427796616
1.5,0.3519659643
1.6,0.3611355755
1.7,0.3611355755
1.8,0.370252547
1.9,0.3793174855
2,0.3883661173
2.1,0.3973633959
2.2,0.3973633959
2.3,0.4063445804
2.4,0.4152750785
2.5,0.4241896911
2.6,0.4241896911
2.7,0.4330541968
2.8,0.4418691598
2.9,0.4506685948
3,0.4594525496
3.1,0.4681877437
3.2,0.4681877437
3.3,0.4768745768
3.4,0.4855462739
3.5,0.4941702903
3.6,0.5027793611
3.7,0.5113413484
3.8,0.5113413484
3.9,0.5198885771
4,0.5283893086
4.1,0.5368439814
4.2,0.5452842161
4.3,0.5537100555
4.4,0.5620905382
4.5,0.5620905382
4.6,0.5704260228
4.7,0.5787474214
4.8,0.5870244335
4.9,0.5952574683
5,0.6034767163
5.1,0.6116822172
5.2,0.6198443965
5.3,0.6279636488
5.4,0.6279636488
5.5,0.6360694427
5.6,0.6441328208
5.7,0.6521541657
5.8,0.6601623318
5.9,0.6681573567
6,0.6761109613
6.1,0.6840235148
6.2,0.6919231971
6.3,0.6998100441
6.4,0.7076564319
6.5,0.7154627173
6.6,0.7232564281
6.7,0.7310375992
6.8,0.7387792395
6.9,0.7464816934
7,0.7541718596
7.1,0.7618497716
7.2,0.7694890497
7.3,0.7770900269
7.4,0.7846530317
7.5,0.7922041288
7.6,0.7997433503
7.7,0.8072451266
7.8,0.8147097758
7.9,0.8221627816
8,0.8296041753
8.1,0.8370089516
8.2,0.8443774179
8.3,0.8517098781
8.4,0.8590310458
8.5,0.8663409508
8.6,0.8736153367
8.7,0.8808544974
8.8,0.8880587231
8.9,0.8952519918
9,0.9024343318
9.1,0.9095822026
9.2,0.9166958853
9.3,0.9237756574
9.4,0.9308447933
9.5,0.93790332
9.6,0.9449283818
9.7,0.9519202476
9.8,0.9588791833
9.9,0.9658277896
10,0.9727660925
10.1,0.9796718918
10.2,0.9865454451
10.3,0.9933870069
10.4,1.000218533
10.5,1.007040049
10.6,1.013829982
10.7,1.020588579
10.8,1.027316083
10.9,1.034012737
11,1.040699712
11.1,1.047377032
11.2,1.054023889
11.3,1.060640515
11.4,1.067227143
11.5,1.073784001
11.6,1.080331518
11.7,1.086869718
11.8,1.093378516
11.9,1.099858132
12,1.106308786
12.1,1.112730695
12.2,1.119124074
12.3,1.125508501
12.4,1.131883998
12.5,1.13823131
12.6,1.144550644
12.7,1.150842207
12.8,1.157106202
12.9,1.163342832
13,1.169570874
13.1,1.17579035
13.2,1.189627351
13.3,1.203422017
13.4,1.217174564
13.5,1.230797323
13.6,1.244378833
13.7,1.257919302
13.8,1.271333283
13.9,1.284622725
14,1.297872582
14.1,1.311083048
14.2,1.311083048
14.3,1.311083048
14.4,1.32417208
14.5,1.337141514
14.6,1.350072926
14.7,1.3629665
14.8,1.3629665
14.9,1.3629665
15,1.375664897
15.1,1.388326575
15.2,1.400951707
15.3,1.413540467
15.4,1.413540467
15.5,1.413540467
15.6,1.425941546
15.7,1.438307307
15.8,1.450637916
15.9,1.462933535
16,1.475121209
16.1,1.475121209
16.2,1.475121209
16.3,1.48720223
16.4,1.499249413
16.5,1.511192181
16.6,1.523032001
16.7,1.534839077
16.8,1.534839077
16.9,1.534839077
17,1.546545096
17.1,1.558151456
17.2,1.569726114
17.3,1.581269213
17.4,1.59278089
17.5,1.604195569
17.6,1.615514565
17.7,1.615514565
17.8,1.615514565
17.9,1.626738956
18,1.637933318
18.1,1.649034951
18.2,1.660045087
18.3,1.671026112
18.4,1.681978148
18.5,1.692901318
18.6,1.703735338
18.7,1.714481367
18.8,1.725140545
18.9,1.725140545
19,1.725140545
19.1,1.735772085
19.2,1.746318245
19.3,1.756780113
19.4,1.767158758
19.5,1.777510918
19.6,1.787836698
19.7,1.798136207
19.8,1.808354534
19.9,1.818492689
20,1.828551666
20.1,1.83858544
20.2,1.848594112
20.3,1.85857778
20.4,1.868484166
20.5,1.878314209
20.6,1.888068835
20.7,1.897748948
20.8,1.907405341
20.9,1.917038105
21,1.926647329
21.1,1.936183777
21.2,1.945648308
21.3,1.955041768
21.4,1.96436499
21.5,1.973665847
21.6,1.982944423
21.7,1.992200802
21.8,2.001435067
21.9,2.010600937
22,2.0196992
22.1,2.028730626
22.2,2.037695977
22.3,2.046595997
22.4,2.055431423
22.5,2.064246278
22.6,2.073040635
22.7,2.081814569
22.8,2.090525314
22.9,2.099173571
23,2.107760027
23.1,2.116285361
23.2,2.124750237
23.3,2.133195857
23.4,2.141622287
23.5,2.150029595
23.6,2.158377723
23.7,2.166667307
23.8,2.174898972
23.9,2.183073335
24,2.191191001
24.1,2.199252569
24.2,2.207258624
24.3,2.215246995
24.4,2.22321774
24.5,2.231170919
24.6,2.239069714
24.7,2.246914687
24.8,2.254706392
24.9,2.262445374
25,2.27013217
25.1,2.277767308
25.2,2.285351311
25.3,2.292884691
25.4,2.300367956
25.5,2.307801604
25.6,2.315219441
25.7,2.322621517
25.8,2.330007884
25.9,2.337345592
26,2.344635119
26.1,2.351876937
26.2,2.35907151
26.3,2.366219296
26.4,2.373320746
26.5,2.380376307
26.6,2.387386417
26.7,2.394351508
26.8,2.40127201
26.9,2.408148341
27,2.414980919
27.1,2.421770154
27.2,2.428516448
27.3,2.435220202
27.4,2.44188181
27.5,2.448501658
27.6,2.455080132
27.7,2.461617609
27.8,2.468114462
27.9,2.47457106
28,2.480987766
28.04016849,2.483549381
