Time (s),Fuel Tank Pressure (Pa)
0,2868220.16
0.1,2902436.459
0.2,2934772.599
0.3,2965005.636
0.4,2993056.739
0.5,3018931.668
0.6,3042681.578
0.7,3064383.307
0.8,3084129.387
0.9,3102021.756
1,3112263.223
1.1,3121911.08
1.2,3130878.968
1.3,3139121.342
1.4,3146619.234
1.5,3153368.891
1.6,3159378.877
1.7,3164666.422
1.8,3164895.362
1.9,3165125.746
2,3165285.801
2.1,3165312.292
2.2,3165169.077
2.3,3164821.579
2.4,3164252.278
2.5,3163449.352
2.6,3162403.622
2.7,3161112.373
2.8,3159575.814
2.9,3157796.45
3,3155778.479
3.1,3150782.114
3.2,3145892.606
3.3,3141079.331
3.4,3136317.489
3.5,3131582.583
3.6,3126856.904
3.7,3122127.041
3.8,3117382.077
3.9,3112612.488
4,3107810.708
4.1,3102971.447
4.2,3098090.681
4.3,3093165.454
4.4,3088193.709
4.5,3083174.144
4.6,3078106.051
4.7,3072989.308
4.8,3067824.231
4.9,3062611.495
5,3057352.072
5.1,3052047.173
5.2,3046698.204
5.3,3041306.723
5.4,3035874.406
5.5,3030403.018
5.6,3024894.389
5.7,3019350.391
5.8,3013772.981
5.9,3008164.139
6,3002525.759
6.1,2996859.724
6.2,2991167.885
6.3,2985452.076
6.4,2979714.1
6.5,2973955.723
6.6,2968178.666
6.7,2962384.61
6.8,2956575.186
6.9,2950751.979
7,2944916.523
7.1,2939070.302
7.2,2933214.752
7.3,2927351.256
7.4,2921481.147
7.5,2915605.71
7.6,2909726.181
7.7,2903843.745
7.8,2897959.544
7.9,2892074.671
8,2886190.174
8.1,2880307.06
8.2,2874426.289
8.3,2868548.783
8.4,2862675.416
8.5,2856807.024
8.6,2850944.41
8.7,2874474.449
8.8,2896750.265
8.9,2917818.865
9,2937726.043
9.1,2956516.144
9.2,2974231.981
9.3,2990915.01
9.4,3006605.36
9.5,3021341.829
9.6,3034501.043
9.7,3046817.09
9.8,3058323.227
9.9,3069051.535
10,3079032.968
10.1,3088297.481
10.2,3096873.789
10.3,3104184.308
10.4,3110894.537
10.5,3117028.513
10.6,3122609.374
10.7,3127659.384
10.8,3132199.966
10.9,3136251.754
11,3139834.594
11.1,3142967.58
11.2,3145131.704
11.3,3146910.823
11.4,3148320.537
11.5,3149375.853
11.6,3150091.209
11.7,3150480.495
11.8,3150557.072
11.9,3150333.793
12,3149823.018
12.1,3149036.637
12.2,3147986.086
12.3,3146682.361
12.4,3145136.039
12.5,3143357.291
12.6,3141355.883
12.7,3139141.224
12.8,3136722.361
12.9,3134107.994
13,3131306.489
13.1,3128325.892
13.2,3125173.939
13.3,3121858.068
13.4,3118385.434
13.5,3114762.917
13.6,3110997.132
13.7,3107094.442
13.8,3103060.964
13.9,3098902.582
14,3094624.955
14.1,3090233.525
14.2,3085733.524
14.3,3081129.986
14.4,3076427.753
14.5,3071631.479
14.6,3066745.643
14.7,3061774.551
14.8,3056722.345
14.9,3051593.011
15,3046390.38
15.1,3041118.138
15.2,3035779.831
15.3,3030378.869
15.4,3024918.532
15.5,3019401.977
15.6,3013832.238
15.7,3008212.235
15.8,3002544.773
15.9,2996832.549
16,2991078.162
16.1,2985284.112
16.2,2979452.805
16.3,2973586.551
16.4,2967687.578
16.5,2961758.024
16.6,2955799.948
16.7,2949815.33
16.8,2943806.075
16.9,2937774.014
17,2931720.909
17.1,2925648.455
17.2,2919558.28
17.3,2913451.953
17.4,2907330.979
17.5,2901196.811
17.6,2895050.845
17.7,2888894.419
17.8,2882728.822
17.9,2876555.283
18,2870374.993
18.1,2864189.096
18.2,2857998.692
18.3,2851804.839
18.4,2845608.551
18.5,2839410.804
18.6,2833212.538
18.7,2827014.652
18.8,2820818.012
18.9,2814623.449
19,2808431.761
19.1,2802243.716
19.2,2796060.048
19.3,2789881.465
19.4,2783708.643
19.5,2777542.235
19.6,2771382.863
19.7,2765231.123
19.8,2759087.586
19.9,2752952.802
20,2746827.297
20.1,2740711.579
20.2,2734606.132
20.3,2728511.42
20.4,2722427.887
20.5,2716355.959
20.6,2710296.042
20.7,2704248.527
20.8,2698213.786
20.9,2692192.175
21,2686184.033
21.1,2680189.686
21.2,2674209.443
21.2151306,2673306.775
