Time (s),LOX Ullage Volume (m3)
0,0.00885
0.1,0.009087957049
0.2,0.009377558732
0.3,0.009620171288
0.4,0.009910368187
0.5,0.01016021858
0.6,0.0103998644
0.7,0.01068295731
0.8,0.01092662232
0.9,0.01121490628
1,0.01146417275
1.1,0.01170491372
1.2,0.0119829019
1.3,0.01222923506
1.4,0.01251134006
1.5,0.0127600719
1.6,0.01300136174
1.7,0.01327794026
1.8,0.01352379048
1.9,0.01380091491
2,0.01404893304
2.1,0.01432639559
2.2,0.01457843991
2.3,0.01482331834
2.4,0.01509569606
2.5,0.01534259048
2.6,0.01561811999
2.7,0.01586839903
2.8,0.01614382805
2.9,0.01639525868
3,0.016640621
3.1,0.01690915397
3.2,0.01718722133
3.3,0.01744257866
3.4,0.01769165736
3.5,0.01796210634
3.6,0.0182122021
3.7,0.01848266034
3.8,0.01873522501
3.9,0.01898218689
4,0.01924840441
4.1,0.01952058191
4.2,0.01977432137
4.3,0.02002285422
4.4,0.02028891974
4.5,0.0205623709
4.6,0.02081829109
4.7,0.02106892981
4.8,0.02133588418
4.9,0.02160797852
5,0.02186400488
5.1,0.02211508197
5.2,0.02238115515
5.3,0.02265186455
5.4,0.02290916343
5.5,0.0231615884
5.6,0.0234279099
5.7,0.02369872612
5.8,0.02395546542
5.9,0.02420762438
6,0.02447265992
6.1,0.02474176438
6.2,0.02499789193
6.3,0.02524969305
6.4,0.02551343286
6.5,0.02578087617
6.6,0.0260363147
6.7,0.02628771996
6.8,0.02655015133
6.9,0.02681606619
7,0.02707074405
7.1,0.02732164852
7.2,0.02758275829
7.3,0.02784715163
7.4,0.02811469781
7.5,0.02837174245
7.6,0.02862497005
7.7,0.02888759125
7.8,0.02915315988
7.9,0.02940891646
8,0.02966108646
8.1,0.02992199695
8.2,0.03018570541
8.3,0.03045212763
8.4,0.03070933887
8.5,0.03096303098
8.6,0.03122472788
8.7,0.0314889596
8.8,0.03175575212
8.9,0.03201384692
9,0.03226854712
9.1,0.03253055296
9.2,0.03279489658
9.3,0.03306162897
9.4,0.03332015492
9.5,0.03357541098
9.6,0.03383735122
9.7,0.03410149789
9.8,0.03436783523
9.9,0.03462645605
10,0.03488190589
10.1,0.03514348511
10.2,0.03540714842
10.3,0.03567282956
10.4,0.03593128229
10.5,0.03618663497
10.6,0.03644763467
10.7,0.0367105895
10.8,0.0369754102
10.9,0.03724201114
11,0.03750188039
11.1,0.03775860017
11.2,0.03802052019
11.3,0.03828417473
11.4,0.03854948611
11.5,0.03881643323
11.6,0.03907705566
11.7,0.03933464073
11.8,0.03959689817
11.9,0.03986070468
12,0.04012602515
12.1,0.04039287151
12.2,0.04066117424
12.3,0.04092348573
12.4,0.04118279821
12.5,0.04144620863
12.6,0.04171105359
12.7,0.04197727523
12.8,0.04224481199
12.9,0.04251360456
13,0.04277684776
13.1,0.04303709319
13.2,0.0433077334
13.3,0.04356925787
13.4,0.04382722658
13.5,0.04409486904
13.6,0.04435420581
13.7,0.04461045604
13.8,0.04487566505
13.9,0.04514520163
14,0.04540701812
14.1,0.04566592527
14.2,0.04592302069
14.3,0.0461783379
14.4,0.046441817
14.5,0.04670918293
14.6,0.04696960979
14.7,0.04722728505
14.8,0.04748322545
14.9,0.04774766596
15,0.04801583728
15.1,0.04827735188
15.2,0.04853618065
15.3,0.04879240335
15.4,0.04904696585
15.5,0.04930930884
15.6,0.04957501937
15.7,0.04983473675
15.8,0.05009190879
15.9,0.05034666312
16,0.05060765738
16.1,0.0508725574
16.2,0.05113279588
16.3,0.05139055127
16.4,0.05164589173
16.5,0.05190704592
16.6,0.0521710408
16.7,0.0524299161
16.8,0.05268720634
16.9,0.0529429373
17,0.05320404136
17.1,0.05346780352
17.2,0.05372674345
17.3,0.05398339857
17.4,0.05423788093
17.5,0.05449725024
17.6,0.05475910273
17.7,0.05502411485
17.8,0.05528534252
17.9,0.05554429536
18,0.05580105633
18.1,0.05606224667
18.2,0.05632567861
18.3,0.0565849384
18.4,0.05684207157
18.5,0.05709714779
18.6,0.05735628546
18.7,0.05761752652
18.8,0.05788078923
18.9,0.05814082004
19,0.05839940015
19.1,0.05865594084
19.2,0.05891614789
19.3,0.05917826372
19.4,0.05944225294
19.5,0.05970260731
19.6,0.05996096899
19.7,0.06021738
19.8,0.06047706812
19.9,0.06073848678
20,0.06100157009
20.1,0.0612613372
20.2,0.06151919823
20.3,0.06177519118
20.4,0.0620341157
20.5,0.06229461317
20.6,0.06255662431
20.7,0.06282009169
20.8,0.06308051816
20.9,0.0633391108
21,0.06359590451
21.1,0.06385523799
21.2,0.06411595159
21.3,0.06437799342
21.4,0.06464131319
21.5,0.06490184119
21.6,0.06516060662
21.7,0.06541764156
21.8,0.06567297688
21.9,0.06593050388
22,0.06618925535
22.1,0.06644918577
22.2,0.06671025098
22.3,0.06697240808
22.4,0.06723562036
22.5,0.06749634222
22.6,0.06775539026
22.7,0.06801279333
22.8,0.06827197124
22.9,0.06853215142
23,0.06879329589
23.1,0.06905536779
23.2,0.06931840562
23.3,0.06957909644
23.4,0.06983817857
23.5,0.07009567867
23.6,0.07035466017
23.7,0.07061449545
23.8,0.07087515172
23.9,0.07113664659
24,0.07139897428
24.1,0.0716621017
24.2,0.0719259967
24.3,0.07218772896
24.4,0.07244780572
24.5,0.07270631099
24.6,0.07296597632
24.7,0.07322638482
24.8,0.07348750685
24.9,0.07374931362
25,0.07401177708
25.1,0.07427486997
25.2,0.07453856575
25.3,0.07480283858
25.4,0.07506766336
25.5,0.07533303393
25.6,0.07559646692
25.7,0.07585832028
25.8,0.07611861853
25.9,0.07637974262
26,0.07664138364
26.1,0.07690351892
26.2,0.07716612636
26.3,0.07742918444
26.4,0.07769271355
26.5,0.07795669596
26.6,0.07822111025
26.7,0.07848593555
26.8,0.07875115156
26.9,0.07901673852
27,0.07928267716
27.1,0.07954894877
27.2,0.07981553509
27.3,0.08008241837
27.4,0.08034958133
27.5,0.08061700714
27.6,0.08088470115
27.7,0.08115265048
27.8,0.08142083873
27.9,0.08168924993
28,0.08195786852
28.04016849,0.08206584579
