Time (s),LOX Ullage Gas Mass (kg)
0,0.2470256359
0.1,0.2470256359
0.2,0.2678148859
0.3,0.2678148859
0.4,0.2884428091
0.5,0.2884428091
0.6,0.2884428091
0.7,0.3089115958
0.8,0.3089115958
0.9,0.3292606641
1,0.3292606641
1.1,0.3292606641
1.2,0.3494173929
1.3,0.3494173929
1.4,0.3694577638
1.5,0.3694577638
1.6,0.3694577638
1.7,0.3893466786
1.8,0.3893466786
1.9,0.4090863058
2,0.4090863058
2.1,0.4286785983
2.2,0.4286785983
2.3,0.4286785983
2.4,0.4481254709
2.5,0.4481254709
2.6,0.4674628921
2.7,0.4674628921
2.8,0.4866581776
2.9,0.4866581776
3,0.4866581776
3.1,0.5056797601
3.2,0.524629093
3.3,0.524629093
3.4,0.524629093
3.5,0.5434085771
3.6,0.5434085771
3.7,0.5620529881
3.8,0.5620529881
3.9,0.5620529881
4,0.5805640096
4.1,0.5989747346
4.2,0.5989747346
4.3,0.5989747346
4.4,0.6172239047
4.5,0.6354058521
4.6,0.6354058521
4.7,0.6354058521
4.8,0.6534297067
4.9,0.6713577974
5,0.6713577974
5.1,0.6713577974
5.2,0.6891315943
5.3,0.7068119144
5.4,0.7068119144
5.5,0.7068119144
5.6,0.7243705639
5.7,0.7418376828
5.8,0.7418376828
5.9,0.7418376828
6,0.7591572917
6.1,0.7763875088
6.2,0.7763875088
6.3,0.7763875088
6.4,0.7934736447
6.5,0.8104724543
6.6,0.8104724543
6.7,0.8104724543
6.8,0.827330494
6.9,0.8441032024
7,0.8441032024
7.1,0.8441032024
7.2,0.8607383403
7.3,0.8772900748
7.4,0.8937591217
7.5,0.8937591217
7.6,0.8937591217
7.7,0.9100948386
7.8,0.9263497081
7.9,0.9263497081
8,0.9263497081
8.1,0.9424741995
8.2,0.9585196233
8.3,0.9744866406
8.4,0.9744866406
8.5,0.9744866406
8.6,0.9903271967
8.7,1.006091047
8.8,1.021778824
8.9,1.021778824
9,1.021778824
9.1,1.037343883
9.2,1.052834495
9.3,1.068251264
9.4,1.068251264
9.5,1.068251264
9.6,1.083548897
9.7,1.098774243
9.8,1.113927881
9.9,1.113927881
10,1.113927881
10.1,1.12896581
10.2,1.143933521
10.3,1.158831568
10.4,1.158831568
10.5,1.158831568
10.6,1.173617189
10.7,1.188334573
10.8,1.202984251
10.9,1.217566749
11,1.217566749
11.1,1.217566749
11.2,1.23204081
11.3,1.246449042
11.4,1.26079195
11.5,1.27507003
11.6,1.27507003
11.7,1.27507003
11.8,1.289243456
11.9,1.303353337
12,1.317400151
12.1,1.331384371
12.2,1.345306464
12.3,1.345306464
12.4,1.345306464
12.5,1.359128242
12.6,1.372889096
12.7,1.386589477
12.8,1.400229827
12.9,1.413810585
13,1.413810585
13.1,1.413810585
13.2,1.443231626
13.3,1.443231626
13.4,1.443231626
13.5,1.472197133
13.6,1.472197133
13.7,1.472197133
13.8,1.500718725
13.9,1.528975516
14,1.528975516
14.1,1.528975516
14.2,1.528975516
14.3,1.528975516
14.4,1.556806183
14.5,1.58438255
14.6,1.58438255
14.7,1.58438255
14.8,1.58438255
14.9,1.611628192
15,1.638628267
15.1,1.638628267
15.2,1.638628267
15.3,1.638628267
15.4,1.638628267
15.5,1.665232327
15.6,1.691600227
15.7,1.691600227
15.8,1.691600227
15.9,1.691600227
16,1.717514373
16.1,1.743274027
16.2,1.743274027
16.3,1.743274027
16.4,1.743274027
16.5,1.768667439
16.6,1.793841957
16.7,1.793841957
16.8,1.793841957
16.9,1.793841957
17,1.81873198
17.1,1.843410101
17.2,1.843410101
17.3,1.843410101
17.4,1.843410101
17.5,1.86768066
17.6,1.891747772
17.7,1.915677858
17.8,1.915677858
17.9,1.915677858
18,1.915677858
18.1,1.9392828
18.2,1.962693196
18.3,1.962693196
18.4,1.962693196
18.5,1.962693196
18.6,1.985729123
18.7,2.00857796
18.8,2.031242128
18.9,2.031242128
19,2.031242128
19.1,2.031242128
19.2,2.053665989
19.3,2.075910626
19.4,2.09797831
19.5,2.09797831
19.6,2.09797831
19.7,2.09797831
19.8,2.119705114
19.9,2.141261453
20,2.162649439
20.1,2.162649439
20.2,2.162649439
20.3,2.162649439
20.4,2.183712976
20.5,2.204614191
20.6,2.225355046
20.7,2.245937471
20.8,2.245937471
20.9,2.245937471
21,2.245937471
21.1,2.266214423
21.2,2.286338463
21.3,2.306311389
21.4,2.326134968
21.5,2.326134968
21.6,2.326134968
21.7,2.326134968
21.8,2.326134968
21.9,2.345623979
22,2.364969237
22.1,2.384172385
22.2,2.403235037
22.3,2.422158783
22.4,2.440945183
22.5,2.440945183
22.6,2.440945183
22.7,2.440945183
22.8,2.459466479
22.9,2.477854909
23,2.496111936
23.1,2.514238998
23.2,2.532237514
23.3,2.532237514
23.4,2.532237514
23.5,2.532237514
23.6,2.549987793
23.7,2.567613591
23.8,2.58511624
23.9,2.602497048
24,2.619757306
24.1,2.636898281
24.2,2.653921225
24.3,2.653921225
24.4,2.653921225
24.5,2.653921225
24.6,2.670716106
24.7,2.687396548
24.8,2.703963727
24.9,2.720418803
25,2.736762917
25.1,2.752997196
25.2,2.769122746
25.3,2.785140661
25.4,2.801052016
25.5,2.816857873
25.6,2.816857873
25.7,2.816857873
25.8,2.816857873
25.9,2.832459737
26,2.847959157
26.1,2.863357133
26.2,2.878654655
26.3,2.893852696
26.4,2.908952216
26.5,2.923954162
26.6,2.938859468
26.7,2.953669054
26.8,2.968383828
26.9,2.983004688
27,2.997532515
27.1,3.011968182
27.2,3.026312548
27.3,3.040566463
27.4,3.054730762
27.5,3.068806272
27.6,3.082793808
27.7,3.096694174
27.8,3.110508163
27.9,3.124236559
28,3.137880136
28.04016849,3.143326791
