Time (s),LOX Liquid Density (kg/m3)
0,1146.441426
0.1,1146.243662
0.2,1146.550961
0.3,1146.356491
0.4,1146.636826
0.5,1146.44415
0.6,1146.269739
0.7,1146.533129
0.8,1146.361473
0.9,1146.602127
1,1146.432585
1.1,1146.27705
1.2,1146.506162
1.3,1146.351705
1.4,1146.563272
1.5,1146.412172
1.6,1146.272218
1.7,1146.473247
1.8,1146.334555
1.9,1146.522325
2,1146.386375
2.1,1146.562263
2.2,1146.428116
2.3,1146.303031
2.4,1146.471435
2.5,1146.348572
2.6,1146.506404
2.7,1146.385179
2.8,1146.534135
2.9,1146.415634
3,1146.304145
3.1,1146.447867
3.2,1146.580492
3.3,1146.466359
3.4,1146.358851
3.5,1146.48778
3.6,1146.38248
3.7,1146.504898
3.8,1146.401184
3.9,1146.302985
4,1146.421485
4.1,1146.532067
4.2,1146.432815
4.3,1146.338538
4.4,1146.446167
4.5,1146.546607
4.6,1146.451238
4.7,1146.360544
4.8,1146.458782
4.9,1146.550826
5,1146.45988
5.1,1146.373159
5.2,1146.463301
5.3,1146.547986
5.4,1146.460778
5.5,1146.377493
5.6,1146.460523
5.7,1146.538607
5.8,1146.455508
5.9,1146.375962
6,1146.45276
6.1,1146.525161
6.2,1146.445891
6.3,1146.369853
6.4,1146.441094
6.5,1146.508407
6.6,1146.432718
6.7,1146.35996
6.8,1146.426226
6.9,1146.488936
7,1146.4166
7.1,1146.346929
7.2,1146.408722
7.3,1146.467284
7.4,1146.522739
7.5,1146.452626
7.6,1146.385042
7.7,1146.439944
7.8,1146.49202
7.9,1146.425085
8,1146.360454
8.1,1146.412015
8.2,1146.460988
8.3,1146.507464
8.4,1146.442799
8.5,1146.380292
8.6,1146.426492
8.7,1146.470408
8.8,1146.512092
8.9,1146.449783
9,1146.389475
9.1,1146.431071
9.2,1146.470633
9.3,1146.5082
9.4,1146.448264
9.5,1146.390182
9.6,1146.427795
9.7,1146.463579
9.8,1146.497584
9.9,1146.43999
10,1146.384117
10.1,1146.41826
10.2,1146.450756
10.3,1146.481657
10.4,1146.426343
10.5,1146.372633
10.6,1146.403734
10.7,1146.433348
10.8,1146.461528
10.9,1146.488325
11,1146.43496
11.1,1146.383116
11.2,1146.410233
11.3,1146.436054
11.4,1146.460625
11.5,1146.48398
11.6,1146.432649
11.7,1146.382727
11.8,1146.406488
11.9,1146.429115
12,1146.450639
12.1,1146.471084
12.2,1146.49049
12.3,1146.441087
12.4,1146.392999
12.5,1146.412948
12.6,1146.431912
12.7,1146.449924
12.8,1146.467017
12.9,1146.483224
13,1146.435848
13.1,1146.389702
13.2,1146.479396
13.3,1146.433213
13.4,1146.388313
13.5,1146.474023
13.6,1146.429077
13.7,1146.385288
13.8,1146.467175
13.9,1146.545531
14,1146.500612
14.1,1146.456807
14.2,1146.413902
14.3,1146.371866
14.4,1146.447254
14.5,1146.51948
14.6,1146.476485
14.7,1146.434511
14.8,1146.393367
14.9,1146.46301
15,1146.529736
15.1,1146.487646
15.2,1146.446531
15.3,1146.40635
15.4,1146.366935
15.5,1146.431354
15.6,1146.493147
15.7,1146.452919
15.8,1146.413585
15.9,1146.375101
16,1146.434343
16.1,1146.491455
16.2,1146.452177
16.3,1146.41375
16.4,1146.376142
16.5,1146.431201
16.6,1146.48407
16.7,1146.446011
16.8,1146.408636
16.9,1146.371924
17,1146.423181
17.1,1146.472415
17.2,1146.435343
17.3,1146.399023
17.4,1146.363423
17.5,1146.41079
17.6,1146.456307
17.7,1146.500217
17.8,1146.463678
17.9,1146.427868
18,1146.392761
18.1,1146.435302
18.2,1146.476178
18.3,1146.4409
18.4,1146.406298
18.5,1146.372347
18.6,1146.411794
18.7,1146.449712
18.8,1146.486143
18.9,1146.451639
19,1146.417697
19.1,1146.384383
19.2,1146.419949
19.3,1146.454133
19.4,1146.486967
19.5,1146.453314
19.6,1146.420269
19.7,1146.387815
19.8,1146.419631
19.9,1146.450207
20,1146.479577
20.1,1146.446895
20.2,1146.414784
20.3,1146.383228
20.4,1146.411732
20.5,1146.439122
20.6,1146.465427
20.7,1146.490677
20.8,1146.458786
20.9,1146.427435
21,1146.396608
21.1,1146.421184
21.2,1146.444783
21.3,1146.46743
21.4,1146.489151
21.5,1146.458147
21.6,1146.427651
21.7,1146.397649
21.8,1146.368129
21.9,1146.389441
22,1146.409899
22.1,1146.429525
22.2,1146.448342
22.3,1146.46637
22.4,1146.483631
22.5,1146.45382
22.6,1146.424478
22.7,1146.395591
22.8,1146.412519
22.9,1146.428732
23,1146.444249
23.1,1146.459088
23.2,1146.473258
23.3,1146.444394
23.4,1146.415969
23.5,1146.38797
23.6,1146.401937
23.7,1146.415287
23.8,1146.428036
23.9,1146.440195
24,1146.451775
24.1,1146.462792
24.2,1146.473261
24.3,1146.445324
24.4,1146.417807
24.5,1146.390693
24.6,1146.401123
24.7,1146.411038
24.8,1146.420451
24.9,1146.429377
25,1146.437827
25.1,1146.445815
25.2,1146.453351
25.3,1146.460449
25.4,1146.46712
25.5,1146.473373
25.6,1146.446515
25.7,1146.420042
25.8,1146.393947
25.9,1146.400317
26,1146.406293
26.1,1146.411887
26.2,1146.417108
26.3,1146.421966
26.4,1146.426467
26.5,1146.430619
26.6,1146.434432
26.7,1146.437915
26.8,1146.441076
26.9,1146.443924
27,1146.446468
27.1,1146.448715
27.2,1146.450673
27.3,1146.452352
27.4,1146.453756
27.5,1146.454896
27.6,1146.455774
27.7,1146.456399
27.8,1146.456777
27.9,1146.456914
28,1146.456818
28.04016849,1146.456688
