Time (s),LOX Ullage Temperature (K)
0,298.15
0.1,300.0393809
0.2,301.2512226
0.3,301.9487093
0.4,302.2558561
0.5,302.2667119
0.6,302.0524983
0.7,301.6672394
0.8,301.1522365
0.9,291.0226163
1,291.5412748
1.1,291.8317333
1.2,291.9362693
1.3,291.8892231
1.4,291.7189237
1.5,291.4483489
1.6,283.1348609
1.7,283.5506588
1.8,283.815213
1.9,283.9514373
2,283.9783592
2.1,283.912686
2.2,283.7683483
2.3,283.5574558
2.4,276.5908855
2.5,276.8574133
2.6,277.0275218
2.7,277.1131295
2.8,277.1248899
2.9,277.0719764
3,276.9627563
3.1,276.80429
3.2,276.6029211
3.3,276.3642322
3.4,276.0930658
3.5,275.7936528
3.6,270.0715321
3.7,270.096041
3.8,270.0733595
3.9,270.0083451
4,269.9053914
4.1,269.7686074
4.2,269.6016335
4.3,269.4076113
4.4,269.1894968
4.5,268.9499348
4.6,268.6912933
4.7,268.4156648
4.8,268.1249417
4.9,267.8208391
5,267.504897
5.1,267.1784995
5.2,266.8428911
5.3,266.4991916
5.4,266.1484077
5.5,265.7914478
5.6,265.4291312
5.7,265.0621964
5.8,264.6913099
5.9,264.3170727
6,263.9400273
6.1,263.5606639
6.2,263.1794248
6.3,262.7967097
6.4,262.4128796
6.5,262.0282606
6.6,261.6431471
6.7,261.2578069
6.8,260.8724816
6.9,260.4873872
7,260.1027189
7.1,259.7186523
7.2,259.3353458
7.3,258.9529419
7.4,258.5715687
7.5,258.1913413
7.6,257.812363
7.7,257.434726
7.8,257.0585131
7.9,256.6837977
8,256.3106454
8.1,255.9391143
8.2,255.5692556
8.3,255.2011146
8.4,254.8347308
8.5,254.4701383
8.6,254.107367
8.7,253.7492758
8.8,253.3954651
8.9,253.0455493
9,252.6991837
9.1,252.3560663
9.2,252.0158722
9.3,251.6783696
9.4,251.3433131
9.5,251.0104472
9.6,250.6796217
9.7,250.3506973
9.8,250.0233939
9.9,249.6976234
10,249.3733091
10.1,249.0503842
10.2,248.7286332
10.3,248.4079808
10.4,248.0883989
10.5,247.7698643
10.6,247.4523578
10.7,247.135859
10.8,246.8201832
10.9,246.5053349
11,246.1913202
11.1,245.8781463
11.2,245.5658209
11.3,245.2543525
11.4,244.9437502
11.5,244.6340232
11.6,244.3251254
11.7,244.0170012
11.8,243.7096691
11.9,243.4031473
12,243.0974531
12.1,242.7926032
12.2,242.4886136
12.3,242.1854995
12.4,241.8832755
12.5,241.5819553
12.6,241.2815522
12.7,240.9820785
12.8,240.683546
12.9,240.3859658
13,240.0893482
13.1,239.7936671
13.2,239.4989066
13.3,239.2050795
13.4,238.9121975
13.5,238.6202716
13.6,238.329312
13.7,238.0393283
13.8,237.7503292
13.9,237.4623229
14,237.1753167
14.1,236.8893176
14.2,236.6043318
14.3,236.3203651
14.4,236.0374226
14.5,235.755509
14.6,235.4746286
14.7,235.1947849
14.8,234.9159813
14.9,234.6382206
15,234.3615052
15.1,234.0858371
15.2,233.811218
15.3,233.5376492
15.4,233.2651316
15.5,232.9936659
15.6,232.7232523
15.7,232.453891
15.8,232.1855817
15.9,231.9183238
16,231.6521165
16.1,231.3869589
16.2,231.1228495
16.3,230.8597871
16.4,230.59777
16.5,230.3367963
16.6,230.076863
16.7,229.8179515
16.8,229.5600602
16.9,229.3031875
17,229.0473314
17.1,228.7924898
17.2,228.5386604
17.3,228.2858408
17.4,228.0340284
17.5,227.7832205
17.6,227.5334143
17.7,227.2846067
17.8,227.0367946
17.9,226.7899748
18,226.544144
18.1,226.2992987
18.2,226.0554353
18.3,225.8125503
18.4,225.5706401
18.5,225.3297007
18.6,225.0897284
18.7,224.8507193
18.8,224.6126694
18.9,224.3755746
19,224.1394309
19.1,223.9042342
19.2,223.6699801
19.3,223.4366646
19.4,223.2042833
19.5,222.9728319
19.6,222.7423061
19.7,222.5127015
19.8,222.2840137
19.9,222.0562382
20,221.8293706
20.1,221.6034064
20.2,221.3783411
20.3,221.1541701
20.4,220.930889
20.5,220.7084933
20.6,220.4869783
20.7,220.2663396
20.8,220.0465726
20.9,219.8276726
21,219.6096353
21.1,219.392456
21.2,219.17613
21.3,218.960653
21.4,218.7460203
21.5,218.5322273
21.6,218.3192695
21.7,218.1071424
21.8,217.8958414
21.9,217.685362
22,217.4756997
22.1,217.26685
22.2,217.0588083
22.3,216.8515701
22.4,216.645131
22.5,216.4394865
22.6,216.2346322
22.7,216.0305637
22.8,215.8272765
22.9,215.6247662
23,215.4230285
23.1,215.222059
23.2,215.0218534
23.3,214.8224074
23.4,214.6237166
23.5,214.4257767
23.6,214.2285835
23.7,214.0321327
23.8,213.8364202
23.9,213.6414417
24,213.447193
24.1,213.2536699
24.2,213.0608684
24.3,212.8687842
24.4,212.6774133
24.5,212.4867516
24.6,212.2967951
24.7,212.1075396
24.8,211.9189812
24.9,211.7311159
25,211.5439398
25.1,211.3574488
25.2,211.1716391
25.3,210.9865068
25.4,210.802048
25.5,210.6182589
25.6,210.4351357
25.7,210.2526744
25.8,210.0708714
25.87237294,209.939769
