Time (s),LOX Liquid Volume (m3)
0,0.07697
0.1,0.07673204295
0.2,0.07644244127
0.3,0.07619982871
0.4,0.07590963181
0.5,0.07565978142
0.6,0.0754201356
0.7,0.07513704269
0.8,0.07489337768
0.9,0.07460509372
1,0.07435582725
1.1,0.07411508628
1.2,0.0738370981
1.3,0.07359076494
1.4,0.07330865994
1.5,0.0730599281
1.6,0.07281863826
1.7,0.07254205974
1.8,0.07229620952
1.9,0.07201908509
2,0.07177106696
2.1,0.07149360441
2.2,0.07124156009
2.3,0.07099668166
2.4,0.07072430394
2.5,0.07047740952
2.6,0.07020188001
2.7,0.06995160097
2.8,0.06967617195
2.9,0.06942474132
3,0.069179379
3.1,0.06891084603
3.2,0.06863277867
3.3,0.06837742134
3.4,0.06812834264
3.5,0.06785789366
3.6,0.0676077979
3.7,0.06733733966
3.8,0.06708477499
3.9,0.06683781311
4,0.06657159559
4.1,0.06629941809
4.2,0.06604567863
4.3,0.06579714578
4.4,0.06553108026
4.5,0.0652576291
4.6,0.06500170891
4.7,0.06475107019
4.8,0.06448411582
4.9,0.06421202148
5,0.06395599512
5.1,0.06370491803
5.2,0.06343884485
5.3,0.06316813545
5.4,0.06291083657
5.5,0.0626584116
5.6,0.0623920901
5.7,0.06212127388
5.8,0.06186453458
5.9,0.06161237562
6,0.06134734008
6.1,0.06107823562
6.2,0.06082210807
6.3,0.06057030695
6.4,0.06030656714
6.5,0.06003912383
6.6,0.0597836853
6.7,0.05953228004
6.8,0.05926984867
6.9,0.05900393381
7,0.05874925595
7.1,0.05849835148
7.2,0.05823724171
7.3,0.05797284837
7.4,0.05770530219
7.5,0.05744825755
7.6,0.05719502995
7.7,0.05693240875
7.8,0.05666684012
7.9,0.05641108354
8,0.05615891354
8.1,0.05589800305
8.2,0.05563429459
8.3,0.05536787237
8.4,0.05511066113
8.5,0.05485696902
8.6,0.05459527212
8.7,0.0543310404
8.8,0.05406424788
8.9,0.05380615308
9,0.05355145288
9.1,0.05328944704
9.2,0.05302510342
9.3,0.05275837103
9.4,0.05249984508
9.5,0.05224458902
9.6,0.05198264878
9.7,0.05171850211
9.8,0.05145216477
9.9,0.05119354395
10,0.05093809411
10.1,0.05067651489
10.2,0.05041285158
10.3,0.05014717044
10.4,0.04988871771
10.5,0.04963336503
10.6,0.04937236533
10.7,0.0491094105
10.8,0.0488445898
10.9,0.04857798886
11,0.04831811961
11.1,0.04806139983
11.2,0.04779947981
11.3,0.04753582527
11.4,0.04727051389
11.5,0.04700356677
11.6,0.04674294434
11.7,0.04648535927
11.8,0.04622310183
11.9,0.04595929532
12,0.04569397485
12.1,0.04542712849
12.2,0.04515882576
12.3,0.04489651427
12.4,0.04463720179
12.5,0.04437379137
12.6,0.04410894641
12.7,0.04384272477
12.8,0.04357518801
12.9,0.04330639544
13,0.04304315224
13.1,0.04278290681
13.2,0.0425122666
13.3,0.04225074213
13.4,0.04199277342
13.5,0.04172513096
13.6,0.04146579419
13.7,0.04120954396
13.8,0.04094433495
13.9,0.04067479837
14,0.04041298188
14.1,0.04015407473
14.2,0.03989697931
14.3,0.0396416621
14.4,0.039378183
14.5,0.03911081707
14.6,0.03885039021
14.7,0.03859271495
14.8,0.03833677455
14.9,0.03807233404
15,0.03780416272
15.1,0.03754264812
15.2,0.03728381935
15.3,0.03702759665
15.4,0.03677303415
15.5,0.03651069116
15.6,0.03624498063
15.7,0.03598526325
15.8,0.03572809121
15.9,0.03547333688
16,0.03521234262
16.1,0.0349474426
16.2,0.03468720412
16.3,0.03442944873
16.4,0.03417410827
16.5,0.03391295408
16.6,0.0336489592
16.7,0.0333900839
16.8,0.03313279366
16.9,0.0328770627
17,0.03261595864
17.1,0.03235219648
17.2,0.03209325655
17.3,0.03183660143
17.4,0.03158211907
17.5,0.03132274976
17.6,0.03106089727
17.7,0.03079588515
17.8,0.03053465748
17.9,0.03027570464
18,0.03001894367
18.1,0.02975775333
18.2,0.02949432139
18.3,0.0292350616
18.4,0.02897792843
18.5,0.02872285221
18.6,0.02846371454
18.7,0.02820247348
18.8,0.02793921077
18.9,0.02767917996
19,0.02742059985
19.1,0.02716405916
19.2,0.02690385211
19.3,0.02664173628
19.4,0.02637774706
19.5,0.02611739269
19.6,0.02585903101
19.7,0.02560262
19.8,0.02534293188
19.9,0.02508151322
20,0.02481842991
20.1,0.0245586628
20.2,0.02430080177
20.3,0.02404480882
20.4,0.0237858843
20.5,0.02352538683
20.6,0.02326337569
20.7,0.02299990831
20.8,0.02273948184
20.9,0.0224808892
21,0.02222409549
21.1,0.02196476201
21.2,0.02170404841
21.3,0.02144200658
21.4,0.02117868681
21.5,0.02091815881
21.6,0.02065939338
21.7,0.02040235844
21.8,0.02014702312
21.9,0.01988949612
22,0.01963074465
22.1,0.01937081423
22.2,0.01910974902
22.3,0.01884759192
22.4,0.01858437964
22.5,0.01832365778
22.6,0.01806460974
22.7,0.01780720667
22.8,0.01754802876
22.9,0.01728784858
23,0.01702670411
23.1,0.01676463221
23.2,0.01650159438
23.3,0.01624090356
23.4,0.01598182143
23.5,0.01572432133
23.6,0.01546533983
23.7,0.01520550455
23.8,0.01494484828
23.9,0.01468335341
24,0.01442102572
24.1,0.0141578983
24.2,0.0138940033
24.3,0.01363227104
24.4,0.01337219428
24.5,0.01311368901
24.6,0.01285402368
24.7,0.01259361518
24.8,0.01233249315
24.9,0.01207068638
25,0.01180822292
25.1,0.01154513003
25.2,0.01128143425
25.3,0.01101716142
25.4,0.01075233664
25.5,0.01048696607
25.6,0.01022353308
25.7,0.009961679724
25.8,0.009701381474
25.9,0.009440257383
26,0.009178616356
26.1,0.008916481079
26.2,0.008653873642
26.3,0.008390815556
26.4,0.008127286452
26.5,0.007863304041
26.6,0.007598889753
26.7,0.007334064448
26.8,0.007068848436
26.9,0.006803261484
27,0.006537322839
27.1,0.006271051235
27.2,0.006004464912
27.3,0.005737581628
27.4,0.005470418669
27.5,0.005202992864
27.6,0.004935298852
27.7,0.004667349516
27.8,0.004399161266
27.9,0.004130750073
28,0.00386213148
28.04016849,0.003754154208
