Time (s),LOX Tank Pressure (Pa)
0,2461429.32
0.1,2594847.057
0.2,2711058.843
0.3,2811983.592
0.4,2899507.862
0.5,2975374.493
0.6,3041132.753
0.7,3098130.866
0.8,3147535.37
0.9,2834302.128
1,2901478.533
1.1,2960793.065
1.2,3013093.143
1.3,3059147.432
1.4,3099660.053
1.5,3135253.554
1.6,2863297.504
1.7,2912161.682
1.8,2955893.156
1.9,2994968.166
2,3029811.276
2.1,3060832.486
2.2,3088395.151
2.3,3112838.754
2.4,2876275.469
2.5,2910897.313
2.6,2942193.948
2.7,2970424.45
2.8,2995839.183
2.9,3018664.909
3,3039124.114
3.1,3057411.459
3.2,3073711.834
3.3,3088195.529
3.4,3101016.236
3.5,3112313.639
3.6,2910130.428
3.7,2929380.088
3.8,2946839.059
3.9,2962631.172
4,2976873.566
4.1,2989681.905
4.2,3001162.017
4.3,3011407.343
4.4,3020509.857
4.5,3028554.409
4.6,3035619.255
4.7,3041775.419
4.8,3047089.031
4.9,3051621.75
5,3055430.457
5.1,3058567.644
5.2,3061081.766
5.3,3063017.571
5.4,3064416.327
5.5,3065316.255
5.6,3065752.709
5.7,3065758.397
5.8,3065363.595
5.9,3064596.34
6,3063482.61
6.1,3062046.495
6.2,3060310.344
6.3,3058294.902
6.4,3056019.436
6.5,3053501.851
6.6,3050758.793
6.7,3047805.833
6.8,3044657.444
6.9,3041327.038
7,3037827.115
7.1,3034169.328
7.2,3030364.549
7.3,3026422.929
7.4,3022353.943
7.5,3018166.447
7.6,3013868.722
7.7,3009468.509
7.8,3004973.055
7.9,3000389.143
8,2995723.126
8.1,2990980.96
8.2,2986168.224
8.3,2981290.154
8.4,2976351.661
8.5,2971357.341
8.6,2966311.523
8.7,2961364.534
8.8,2956502.433
8.9,2951711.69
9,2946980.277
9.1,2942297.761
9.2,2937652.677
9.3,2933037.193
9.4,2928442.846
9.5,2923860.695
9.6,2919285.926
9.7,2914714.122
9.8,2910135.183
9.9,2905546.614
10,2900946.343
10.1,2896332.67
10.2,2891697.934
10.3,2887040.017
10.4,2882358.665
10.5,2877653.802
10.6,2872925.506
10.7,2868173.788
10.8,2863392.105
10.9,2858581.424
11,2853742.755
11.1,2848877.143
11.2,2843985.661
11.3,2839069.396
11.4,2834129.45
11.5,2829166.928
11.6,2824180.741
11.7,2819169.397
11.8,2814134.34
11.9,2809076.985
12,2803998.712
12.1,2798900.868
12.2,2793784.765
12.3,2788651.68
12.4,2783502.853
12.5,2778339.492
12.6,2773162.765
12.7,2767973.809
12.8,2762773.725
12.9,2757563.579
13,2752344.404
13.1,2747115.782
13.2,2741877.705
13.3,2736631.265
13.4,2731377.509
13.5,2726117.449
13.6,2720852.057
13.7,2715582.27
13.8,2710308.989
13.9,2705033.079
14,2699755.372
14.1,2694476.667
14.2,2689197.736
14.3,2683919.32
14.4,2678642.13
14.5,2673366.849
14.6,2668094.135
14.7,2662824.618
14.8,2657558.902
14.9,2652297.569
15,2647041.177
15.1,2641790.259
15.2,2636545.329
15.3,2631306.878
15.4,2626075.378
15.5,2620851.28
15.6,2615635.016
15.7,2610427.002
15.8,2605227.633
15.9,2600037.289
16,2594856.33
16.1,2589685.103
16.2,2584523.942
16.3,2579373.163
16.4,2574233.07
16.5,2569103.952
16.6,2563986.051
16.7,2558879.006
16.8,2553783.1
16.9,2548698.604
17,2543625.775
17.1,2538564.859
17.2,2533516.089
17.3,2528479.687
17.4,2523455.864
17.5,2518444.821
17.6,2513446.747
17.7,2508461.823
17.8,2503490.219
17.9,2498532.098
18,2493587.609
18.1,2488656.898
18.2,2483740.102
18.3,2478837.349
18.4,2473948.761
18.5,2469074.452
18.6,2464214.528
18.7,2459369.09
18.8,2454538.232
18.9,2449722.042
19,2444920.601
19.1,2440133.985
19.2,2435362.264
19.3,2430605.504
19.4,2425863.765
19.5,2421137.1
19.6,2416425.562
19.7,2411729.194
19.8,2407048.039
19.9,2402382.132
20,2397731.506
20.1,2393096.19
20.2,2388476.208
20.3,2383871.582
20.4,2379282.33
20.5,2374708.468
20.6,2370150.006
20.7,2365606.954
20.8,2361079.317
20.9,2356567.097
21,2352070.295
21.1,2347588.907
21.2,2343122.929
21.3,2338672.352
21.4,2334237.167
21.5,2329817.362
21.6,2325412.921
21.7,2321023.829
21.8,2316650.066
21.9,2312291.613
22,2307948.448
22.1,2303620.544
22.2,2299307.877
22.3,2295010.418
22.4,2290728.139
22.5,2286461.009
22.6,2282208.998
22.7,2277972.071
22.8,2273750.195
22.9,2269543.335
23,2265351.452
23.1,2261174.51
23.2,2257012.469
23.3,2252865.29
23.4,2248732.931
23.5,2244615.351
23.6,2240512.506
23.7,2236424.354
23.8,2232350.849
23.9,2228291.946
24,2224247.6
24.1,2220217.763
24.2,2216202.388
24.3,2212201.428
24.4,2208214.833
24.5,2204242.553
24.6,2200284.539
24.7,2196340.74
24.8,2192411.106
24.9,2188495.586
25,2184594.128
25.1,2180706.681
25.2,2176833.191
25.3,2172973.608
25.4,2169127.877
25.5,2165295.946
25.6,2161477.761
25.7,2157673.268
25.8,2153882.413
25.87237294,2151148.691
