Time (s),LOX Ullage Gas Density (kg/m3)
0,27.91250123
0.1,27.1816465
0.2,28.55912648
0.3,27.83888954
0.4,29.1051557
0.5,28.38942949
0.6,27.73524711
0.7,28.91629975
0.8,28.27146274
0.9,29.3591989
1,28.72083938
1.1,28.13012314
1.2,29.15966398
1.3,28.57230164
1.4,29.52983149
1.5,28.95420706
1.6,28.41685135
1.7,29.32282199
1.8,28.78975973
1.9,29.64197001
2,29.11867432
2.1,29.92229243
2.2,29.4049707
2.3,28.91920611
2.4,29.68564477
2.5,29.20794056
2.6,29.93080425
2.7,29.4587306
2.8,30.14515368
2.9,29.68286058
3,29.2451933
3.1,29.90568074
3.2,30.52436941
3.3,30.07749619
3.4,29.65403876
3.5,30.25305422
3.6,29.83760966
3.7,30.40974502
3.8,29.99979919
3.9,29.60949607
4,30.16166936
4.1,30.68426635
4.2,30.29053303
4.3,29.91455304
4.4,30.42172341
4.5,30.90139046
4.6,30.52151828
4.7,30.15843034
4.8,30.62585553
4.9,31.06990303
5,30.70607609
5.1,30.35746367
5.2,30.79070717
5.3,31.20325538
5.4,30.85280335
5.5,30.51655621
5.6,30.91912881
5.7,31.30285058
5.8,30.96736673
5.9,30.64479484
6,31.02062849
6.1,31.37963392
6.2,31.05811925
6.3,30.74839395
6.4,31.10023058
6.5,31.43696315
6.6,31.12853964
6.7,30.83083872
6.8,31.16104627
6.9,31.47751786
7,31.18138167
7.1,30.89503189
7.2,31.20566591
7.3,31.50376335
7.4,31.78974669
7.5,31.50173533
7.6,31.22305875
7.7,31.50469801
7.8,31.77527623
7.9,31.49894045
8,31.23114554
8.1,31.49770388
8.2,31.75409057
8.3,32.00060937
8.4,31.73258288
8.5,31.47258553
8.6,31.71611937
8.7,31.95059665
8.8,32.17618086
8.9,31.91677733
9,31.6648537
9.1,31.88829542
9.2,32.10360771
9.3,32.31090836
9.4,32.060213
9.5,31.81647619
9.6,32.02227295
9.7,32.22070322
9.8,32.41193033
9.9,32.16984953
10,31.93426082
10.1,32.12446935
10.2,32.30798221
10.3,32.48499159
10.4,32.25132793
10.5,32.02374493
10.6,32.20009199
10.7,32.37034843
10.8,32.5347101
10.9,32.69336729
11,32.46681864
11.1,32.24607754
11.2,32.40462791
11.3,32.55781406
11.4,32.70580433
11.5,32.848717
11.6,32.62963416
11.7,32.41595719
11.8,32.55920325
11.9,32.69769933
12,32.83156371
12.1,32.96087457
12.2,33.08577505
12.3,32.87370175
12.4,32.6667085
12.5,32.79258313
12.6,32.91427519
12.7,33.0319076
12.8,33.14560441
12.9,33.25548609
13,33.05083613
13.1,32.85097762
13.2,33.32503258
13.3,33.12499908
13.4,32.93002408
13.5,33.38703947
13.6,33.19182716
13.7,33.00116752
13.8,33.4417044
13.9,33.86795186
14,33.67266954
14.1,33.48175925
14.2,33.29431499
14.3,33.11023275
14.4,33.52164672
14.5,33.92015126
14.6,33.7320782
14.7,33.5480337
14.8,33.36720569
14.9,33.7530256
15,34.12682897
15.1,33.94196664
15.2,33.76096439
15.3,33.58367602
15.4,33.40937076
15.5,33.7711553
15.6,34.12202856
15.7,33.94419912
15.8,33.76992947
15.9,33.59905349
16,33.93783593
16.1,34.26747378
16.2,34.09307073
16.3,33.9220729
16.4,33.75436009
16.5,34.07374485
16.6,34.38386371
16.7,34.21409169
16.8,34.04701219
16.9,33.88255446
17,34.18409454
17.1,34.47701195
17.2,34.3108475
17.3,34.14772226
17.4,33.98750226
17.5,34.27109903
17.6,34.54672698
17.7,34.8152417
17.8,34.65073689
17.9,34.48919183
18,34.3304945
18.1,34.5915998
18.2,34.84544252
18.3,34.68578834
18.4,34.52888226
18.5,34.37462767
18.6,34.62095056
18.7,34.86053778
18.8,35.0935458
18.9,34.93659234
19,34.78190054
19.1,34.6297766
19.2,34.85743829
19.3,35.0789377
19.4,35.29439424
19.5,35.14048053
19.6,34.98906614
19.7,34.84007956
19.8,35.04973339
19.9,35.25378334
20,35.45235698
20.1,35.30202797
20.2,35.15405762
20.3,35.00838116
20.4,35.20180713
20.5,35.3901257
20.6,35.57345158
20.7,35.75189736
20.8,35.60429648
20.9,35.45893591
21,35.31575638
21.1,35.48987514
21.2,35.65943274
21.3,35.8245305
21.4,35.98526783
21.5,35.8408163
21.6,35.69848546
21.7,35.55822118
21.8,35.41997148
21.9,35.57721905
22,35.73041009
22.1,35.87963279
22.2,36.02497371
22.3,36.16651771
22.4,36.30434537
22.5,36.16411056
22.6,36.02584493
22.7,35.88950053
22.8,36.02454176
22.9,36.15609401
23,36.2842324
23.1,36.40903059
23.2,36.5305216
23.3,36.39365332
23.4,36.25864199
23.5,36.12544399
23.6,36.24476028
23.7,36.3609989
23.8,36.47422513
23.9,36.58447752
24,36.6918059
24.1,36.79627333
24.2,36.89794159
24.3,36.76416011
24.4,36.63218229
24.5,36.50193758
24.6,36.60221162
24.7,36.6998392
24.8,36.79487634
24.9,36.88737792
25,36.97739772
25.1,37.06498842
25.2,37.15020162
25.3,37.23308785
25.4,37.31369661
25.5,37.39206728
25.6,37.26176616
25.7,37.13314324
25.8,37.00616127
25.9,37.08391309
26,37.15954777
26.1,37.2331094
26.2,37.30464118
26.3,37.37418542
26.4,37.44176363
26.5,37.50741519
26.6,37.5711807
26.7,37.6330999
26.8,37.69321171
26.9,37.75155421
27,37.80816469
27.1,37.86307963
27.2,37.91633477
27.3,37.96796506
27.4,38.01800472
27.5,38.06648722
27.6,38.1134351
27.7,38.15887904
27.8,38.20285091
27.9,38.24538189
28,38.28650248
28.04016849,38.30246545
