Time (s),LOX Liquid Mass (kg)
0,88.24159659
0.1,87.92319673
0.2,87.58617665
0.3,87.23272867
0.4,86.86524602
0.5,86.4858801
0.6,86.09648006
0.7,85.69860399
0.8,85.35741906
0.9,85.00427594
1,84.64042772
1.1,84.26715719
1.2,83.88566522
1.3,83.49702138
1.4,83.15616445
1.5,82.80608902
1.6,82.44750047
1.7,82.08119494
1.8,81.70798854
1.9,81.32861747
2,80.9437808
2.1,80.60054425
2.2,80.25030239
2.3,79.89350071
2.4,79.53071701
2.5,79.16243471
2.6,78.78919256
2.7,78.41145518
2.8,78.02969159
2.9,77.6443017
3,77.29583171
3.1,76.94234056
3.2,76.58418721
3.3,76.22171484
3.4,75.85526505
3.5,75.485193
3.6,75.1117897
3.7,74.7353695
3.8,74.3562153
3.9,73.97457715
4,73.59069847
4.1,73.2048022
4.2,72.81709217
4.3,72.42775509
4.4,72.07049386
4.5,71.71032473
4.6,71.34748636
4.7,70.98218827
4.8,70.61460423
4.9,70.24492936
5,69.87334458
5.1,69.50001181
5.2,69.12507954
5.3,68.74869392
5.4,68.37099065
5.5,67.99209577
5.6,67.61212619
5.7,67.23119027
5.8,66.84938948
5.9,66.46681821
6,66.08356431
6.1,65.69970957
6.2,65.31533018
6.3,64.93049716
6.4,64.54527792
6.5,64.15973551
6.6,63.77392738
6.7,63.38790715
6.8,63.00172486
6.9,62.61542729
7,62.22905812
7.1,61.84265818
7.2,61.45626566
7.3,61.06991626
7.4,60.68364339
7.5,60.29747832
7.6,59.9114503
7.7,59.52558672
7.8,59.13991323
7.9,58.75445386
8,58.36923216
8.1,57.98426969
8.2,57.5995861
8.3,57.2151998
8.4,56.83112804
8.5,56.44738699
8.6,56.0639918
8.7,55.67623315
8.8,55.2844159
8.9,54.88882574
9,54.48973012
9.1,54.08738118
9.2,53.70281219
9.3,53.31468759
9.4,52.92325251
9.5,52.52873416
9.6,52.15121325
9.7,51.77035214
9.8,51.38636818
9.9,50.99946618
10,50.60983994
10.1,50.23650961
10.2,49.86023613
10.3,49.48120469
10.4,49.09958002
10.5,48.71552796
10.6,48.32920753
10.7,47.95853186
10.8,47.58538678
10.9,47.20991436
11,46.83226009
11.1,46.45256238
11.2,46.07095283
11.3,45.6875555
11.4,45.3024807
11.5,44.93242972
11.6,44.56051807
11.7,44.18685449
11.8,43.81152906
11.9,43.43464846
12,43.05631444
12.1,42.67662407
12.2,42.29566991
12.3,41.91354029
12.4,41.53031711
12.5,41.14607532
12.6,40.76089218
12.7,40.39008099
12.8,40.01813183
12.9,39.64510246
13,39.27106743
13.1,38.89609807
13.2,38.52026258
13.3,38.14362622
13.4,37.76625143
13.5,37.38819794
13.6,37.00952288
13.7,36.63027837
13.8,36.2505133
13.9,35.87027812
14,35.48962108
14.1,35.1085884
14.2,34.72722425
14.3,34.34557094
14.4,33.96366896
14.5,33.58155704
14.6,33.19927226
14.7,32.81685012
14.8,32.43432458
14.9,32.05172816
15,31.66909199
15.1,31.28644558
15.2,30.90381745
15.3,30.52123492
15.4,30.13872415
15.5,29.75631019
15.6,29.37401699
15.7,28.99186749
15.8,28.60988365
15.9,28.22808636
16,27.84649574
16.1,27.46513104
16.2,27.08401066
16.3,26.70315223
16.4,26.3225726
16.5,25.94228792
16.6,25.5623136
16.7,25.18266441
16.8,24.80335446
16.9,24.42439725
17,24.04580569
17.1,23.66759211
17.2,23.28976832
17.3,22.91234557
17.4,22.53533465
17.5,22.15874583
17.6,21.78258895
17.7,21.40687338
17.8,21.03160807
17.9,20.65680159
18,20.28246198
18.1,19.90859695
18.2,19.53521433
18.3,19.1623212
18.4,18.78992429
18.5,18.41802997
18.6,18.04664432
18.7,17.67577314
18.8,17.30542192
18.9,16.93559588
19,16.5663
19.1,16.19753896
19.2,15.82931725
19.3,15.46163909
19.4,15.09450849
19.5,14.72792923
19.6,14.3619049
19.7,13.99643888
19.8,13.63153434
19.9,13.26719417
20,12.90342115
20.1,12.54021793
20.2,12.177587
20.3,11.81553068
20.4,11.45405117
20.5,11.09315047
20.6,10.73283049
20.7,10.37309296
20.8,10.01393952
20.9,9.655371652
21,9.297390783
21.1,8.939998224
21.2,8.583195204
21.3,8.226982858
21.4,7.871362241
21.5,7.516334322
21.6,7.161899994
21.7,6.808059975
21.8,6.454814921
21.9,6.102165501
22,5.750112313
22.1,5.398655888
22.2,5.047796693
22.3,4.697535128
22.4,4.347871535
22.5,3.998806194
22.6,3.650339332
22.7,3.302471114
22.8,2.955201657
22.9,2.608531023
23,2.262459225
23.1,1.916986225
23.2,1.572111941
23.3,1.227836242
23.4,0.8841589563
23.5,0.5410798568
23.6,0.1985985136
23.62454654,0.1146778456
