Time (s),Thrust (N),LOX Liquid Mass (kg),Fuel Liquid Mass (kg),COPV Gas Mass (kg),LOX Ullage Gas Mass (kg),Fuel Ullage Gas Mass (kg),LOX Liquid Density (kg/m3),Fuel Liquid Density (kg/m3),COPV Gas Density (kg/m3),LOX Ullage Gas Density (kg/m3),Fuel Ullage Gas Density (kg/m3),LOX Liquid Volume (m3),Fuel Liquid Volume (m3),LOX Ullage Volume (m3),Fuel Ullage Volume (m3)
0,11013.75808,88.24159659,42.12782273,11.56301835,0.2470256359,0.2488957052,1146.441426,808.440275,289.0754587,27.91250123,32.5353863,0.07697,0.05211,0.00885,0.00765
0.1,11097.59766,87.95361787,41.97832109,11.56301835,0.2470256359,0.2488957052,1146.243662,808.3749524,289.0754587,27.1816465,31.78448268,0.07673204295,0.0519292699,0.009087957049,0.007830730097
0.2,11571.2063,87.64515452,41.83277619,11.52661491,0.2678148859,0.2584426571,1146.550961,808.4050406,288.1653727,28.55912648,32.25411893,0.07644244127,0.05174729757,0.009377558732,0.008012702428
0.3,11314.77173,87.35216825,41.67942653,11.51518,0.2678148859,0.2679717484,1146.356491,808.4300911,287.8794999,27.83888954,32.66357149,0.07619982871,0.05155600588,0.009620171288,0.00820399412
0.4,11747.4403,87.04077932,41.52999526,11.47905905,0.2884428091,0.277444615,1146.636826,808.4546965,286.9764762,29.1051557,33.06691589,0.07590963181,0.05136960109,0.009910368187,0.008390398909
0.5,11412.87581,86.73971377,41.38306443,11.47905905,0.2884428091,0.277444615,1146.44415,808.3953978,286.9764762,28.38942949,32.3800288,0.07565978142,0.05119161309,0.01016021858,0.008568386912
0.6,11168.82898,86.45181912,41.22891673,11.46771275,0.2884428091,0.2868998642,1146.269739,808.4179665,286.6928187,27.73524711,32.74927831,0.0754201356,0.05099950575,0.0103998644,0.008760494246
0.7,11586.64611,86.14710866,41.07874605,11.43187046,0.3089115958,0.2962996513,1146.533129,808.4402588,285.7967615,28.91629975,33.11478596,0.07513704269,0.05081234587,0.01068295731,0.008947654129
0.8,11341.33871,85.85488274,40.92201299,11.42061157,0.3089115958,0.3056820595,1146.361473,808.4587846,285.5152893,28.27146274,33.43460485,0.07489337768,0.05061731502,0.01092662232,0.009142684976
0.9,11637.86816,85.54235916,40.77764,11.39619269,0.3292606641,0.3056820595,1146.602127,808.4049357,284.9048172,29.3591989,32.80588478,0.07460509372,0.05044209678,0.01121490628,0.009317903222
1,11426.08464,85.24394323,40.62681152,11.38499956,0.3292606641,0.3150096681,1146.432585,808.4252465,284.624989,28.72083938,33.13888522,0.07435582725,0.05025425875,0.01146417275,0.009505741246
1.1,11195.04634,84.95642249,40.46986884,11.373827,0.3292606641,0.3243201318,1146.27705,808.442269,284.3456751,28.13012314,33.4318628,0.07411508628,0.05005907087,0.01170491372,0.009700929135
1.2,11565.37098,84.65468799,40.31676131,11.33853115,0.3494173929,0.3335766139,1146.506162,808.4592636,283.4632787,29.15966398,33.72402812,0.0738370981,0.04986863671,0.0119829019,0.009891363295
1.3,11288.73428,84.36089884,40.16608336,11.33853115,0.3494173929,0.3335766139,1146.351705,808.4071607,283.4632787,28.57230164,33.11086007,0.07359076494,0.04968546212,0.01222923506,0.01007453788
1.4,11613.0403,84.05301701,40.01837258,11.30343905,0.3694577638,0.3427796616,1146.563272,808.4256842,282.5859762,29.52983149,33.41456573,0.07330865994,0.04950160956,0.01251134006,0.01025839044
1.5,11408.68453,83.75679083,39.86506078,11.29241548,0.3694577638,0.3519659643,1146.412172,808.4414158,282.3103871,28.95420706,33.68420131,0.0730599281,0.04931100758,0.0127600719,0.01044899242
1.6,11194.25199,83.46998199,39.70649221,11.28141195,0.3694577638,0.3611355755,1146.272218,808.454597,282.0352988,28.41685135,33.92239384,0.07281863826,0.04911406572,0.01300136174,0.01064593428
1.7,11466.5741,83.16753079,39.55885474,11.25754525,0.3893466786,0.3611355755,1146.473247,808.4070895,281.4386313,29.32282199,33.35917203,0.07254205974,0.04893432438,0.01327794026,0.01082567562
1.8,11274.7013,82.87564319,39.4059386,11.24660489,0.3893466786,0.370252547,1146.334555,808.4219164,281.1651222,28.78975973,33.61126753,0.07229620952,0.04874427301,0.01352379048,0.01101572699
1.9,11567.45765,82.57148892,39.25595099,11.21203941,0.4090863058,0.3793174855,1146.522325,808.4365556,280.3009852,29.64197001,33.86116985,0.07201908509,0.04855786235,0.01380091491,0.01120213765
2,11375.40485,82.27737329,39.10107685,11.20118105,0.4090863058,0.3883661173,1146.386375,808.4489851,280.0295263,29.11867432,34.08378573,0.07177106696,0.04836554633,0.01404893304,0.01139445367
2.1,11650.06617,81.97186885,38.94910357,11.16687356,0.4286785983,0.3973633959,1146.562263,808.4613298,279.1718391,29.92229243,34.30523559,0.07149360441,0.04817682941,0.01432639559,0.01158317059
2.2,11412.082,81.67332754,38.79920897,11.16687356,0.4286785983,0.3973633959,1146.428116,808.416704,279.1718391,29.4049707,33.77237849,0.07124156009,0.04799407134,0.01457843991,0.01176592866
2.3,11228.93102,81.38371139,38.6446498,11.15609614,0.4286785983,0.4063445804,1146.303031,808.4284855,278.9024036,28.91920611,33.98151376,0.07099668166,0.04780218719,0.01482331834,0.01195781281
2.4,11497.15703,81.08339423,38.49297992,11.1220433,0.4481254709,0.4152750785,1146.471435,808.4402068,278.0510825,29.68564477,34.18995422,0.07072430394,0.04761388609,0.01509569606,0.01214611391
2.5,11315.3823,80.79167775,38.33696435,11.11134576,0.4481254709,0.4241896911,1146.348572,808.4501398,277.7836441,29.20794056,34.37606905,0.07047740952,0.04742032002,0.01534259048,0.01233967998
2.6,11515.35627,80.48690503,38.18987947,11.08814086,0.4674628921,0.4241896911,1146.506404,808.4091436,277.2035214,29.93080425,33.88307989,0.07020188001,0.04724078119,0.01561811999,0.01251921881
2.7,11350.35294,80.1914786,38.03845331,11.07750345,0.4674628921,0.4330541968,1146.385179,808.4202642,276.9375863,29.4587306,34.07948911,0.06995160097,0.04705282016,0.01586839903,0.01270717984
2.8,11578.35947,79.88610956,37.88938293,11.04389115,0.4866581776,0.4418691598,1146.534135,808.4312247,276.0972788,30.14515368,34.27411419,0.06967617195,0.04686778761,0.01614382805,0.01289221239
2.9,11413.2825,79.58960885,37.7362554,11.03333183,0.4866581776,0.4506685948,1146.415634,808.4406143,275.8332958,29.68286058,34.44907634,0.06942474132,0.04667783227,0.01639525868,0.01308216773
3,11242.6563,79.30060893,37.57926223,11.02279109,0.4866581776,0.4594525496,1146.304145,808.4485454,275.5697771,29.2451933,34.6056267,0.069179379,0.04648318367,0.016640621,0.01327681633
3.1,11475.14051,79.00269246,37.42502427,10.98948295,0.5056797601,0.4681877437,1146.447867,808.4565382,274.7370738,29.90568074,34.7628285,0.06891084603,0.04629194335,0.01690915397,0.01346805665
3.2,11628.20072,78.69300516,37.27852246,10.96674375,0.524629093,0.4681877437,1146.580492,808.4188804,274.1685938,30.52436941,34.30670562,0.06863277867,0.04611287955,0.01718722133,0.01364712045
3.3,11478.97817,78.39241327,37.12823362,10.95631955,0.524629093,0.4768745768,1146.466359,808.4278473,273.9079889,30.07749619,34.47235962,0.06837742134,0.04592646548,0.01744257866,0.01383353452
3.4,11322.72007,78.09952859,36.97428877,10.94591352,0.524629093,0.4855462739,1146.358851,808.4355123,273.6478379,29.65403876,34.62155327,0.06812834264,0.04573560687,0.01769165736,0.01402439313
3.5,11524.18019,77.79824583,36.82267294,10.91302932,0.5434085771,0.4941702903,1146.48778,808.4431505,272.8257329,30.25305422,34.77044563,0.06785789366,0.04554763426,0.01796210634,0.01421236574
3.6,11369.54799,77.50439505,36.66761905,10.90269843,0.5434085771,0.5027793611,1146.38248,808.4496075,272.5674608,29.83760966,34.90427448,0.0676077979,0.04535547882,0.0182122021,0.01440452118
3.7,11560.79682,77.20258974,36.51486504,10.87005075,0.5620529881,0.5113413484,1146.504898,808.4560765,271.7512689,30.40974502,35.0381886,0.06733733966,0.04516617056,0.01848266034,0.01459382944
3.8,11374.48639,76.90606549,36.36385676,10.87005075,0.5620529881,0.5113413484,1146.401184,808.4201823,271.7512689,29.99979919,34.60007808,0.06708477499,0.04498138166,0.01873522501,0.01477861834
3.9,11227.67888,76.61638467,36.20953667,10.85979408,0.5620529881,0.5198885771,1146.302985,808.4265428,271.494852,29.60949607,34.72901674,0.06683781311,0.04479013832,0.01898218689,0.01496986168
4,11415.78611,76.3191075,36.05749136,10.82737998,0.5805640096,0.5283893086,1146.421485,808.4329121,270.6844994,30.16166936,34.85811092,0.06657159559,0.04460171131,0.01924840441,0.01515828869
4.1,11584.05003,76.01440887,35.9074178,10.7951415,0.5989747346,0.5368439814,1146.532067,808.4392291,269.8785375,30.68426635,34.98660738,0.06629941809,0.0444157291,0.01952058191,0.0153442709
4.2,11442.55849,75.71693326,35.75424466,10.78501322,0.5989747346,0.5452842161,1146.432815,808.4445714,269.6253304,30.29053303,35.10255779,0.06604567863,0.04422596914,0.01977432137,0.01553403086
4.3,11298.52719,75.42580387,35.59810335,10.77490221,0.5989747346,0.5537100555,1146.338538,808.4490032,269.3725552,29.91455304,35.20669007,0.06579714578,0.04403258983,0.02002285422,0.01572741017
4.4,11470.09074,75.12785581,35.44418828,10.74294663,0.6172239047,0.5620905382,1146.446167,808.4535007,268.5736657,30.42172341,35.31154816,0.06553108026,0.04384196277,0.02028891974,0.01591803723
4.5,11584.93238,74.82091325,35.29660816,10.72112829,0.6354058521,0.5620905382,1146.546607,808.4212781,268.0282072,30.90139046,34.91496439,0.0652576291,0.04366115677,0.0205623709,0.01609884323
4.6,11455.22625,74.52128965,35.14609282,10.71112571,0.6354058521,0.5704260228,1146.451238,808.4265619,267.7781427,30.52151828,35.02702524,0.06500170891,0.04347468833,0.02081829109,0.01628531167
4.7,11321.6985,74.22807202,34.99273412,10.70114003,0.6354058521,0.5787474214,1146.360544,808.4310144,267.5285007,30.15843034,35.12829313,0.06475107019,0.04328474972,0.02106892981,0.01647525028
4.8,11474.14227,73.92838086,34.84132071,10.66957899,0.6534297067,0.5870244335,1146.458782,808.4354763,266.7394747,30.62585553,35.2296793,0.06448411582,0.04309721893,0.02133588418,0.01666278107
4.9,11611.17404,73.62234629,34.69161323,10.63818564,0.6713577974,0.5952574683,1146.550826,808.4399032,265.954641,31.06990303,35.33063156,0.06421202148,0.04291180221,0.02160797852,0.01684819779
5,11482.61703,73.3229825,34.53924149,10.62832254,0.6713577974,0.6034767163,1146.45988,808.443584,265.7080635,30.70607609,35.42180967,0.06395599512,0.04272313142,0.02186400488,0.01703686858
5.1,11352.73311,73.0296081,34.38431546,10.61847594,0.6713577974,0.6116822172,1146.373159,808.4465661,265.4618985,30.35746367,35.50375962,0.06370491803,0.04253133961,0.02211508197,0.01722866039
5.2,11492.78253,72.73030746,34.23130127,10.58735277,0.6891315943,0.6198443965,1146.463301,808.4495986,264.6838192,30.79070717,35.5862466,0.06343884485,0.04234191139,0.02238115515,0.01741808861
5.3,11620.75378,72.42529846,34.08001498,10.55639328,0.7068119144,0.6279636488,1146.547986,808.4526474,263.9098321,31.20325538,35.66885156,0.06316813545,0.04215462104,0.02265186455,0.01760537896
5.4,11465.95123,72.12480662,33.9301702,10.55639328,0.7068119144,0.6279636488,1146.460778,808.4229967,263.9098321,30.85280335,35.30030009,0.06291083657,0.04197081273,0.02290916343,0.01778918727
5.5,11343.50381,71.83019283,33.77783855,10.54666633,0.7068119144,0.6360694427,1146.377493,808.426091,263.6666582,30.51655621,35.38087125,0.0626584116,0.04178222217,0.0231615884,0.01797777783
5.6,11471.40913,71.53006826,33.627236,10.5159199,0.7243705639,0.6441328208,1146.460523,808.4292,262.8979974,30.91912881,35.46161119,0.0623920901,0.04159577116,0.0234279099,0.01816422884
5.7,11585.78833,71.22443884,33.4781456,10.48533374,0.7418376828,0.6521541657,1146.538607,808.4322861,262.1333435,31.30285058,35.54204769,0.06212127388,0.04141119322,0.02369872612,0.01834880678
5.8,11468.64009,70.92493643,33.32673318,10.47572394,0.7418376828,0.6601623318,1146.455508,808.4347887,261.8930985,30.96736673,35.61471137,0.06186453458,0.0412237742,0.02395546542,0.0185362258
5.9,11349.82052,70.6309464,33.17307249,10.46612991,0.7418376828,0.6681573567,1146.375962,808.4367399,261.6532478,30.64479484,35.67997453,0.06161237562,0.04103360332,0.02420762438,0.01872639668
6,11467.82968,70.33182733,33.0211101,10.43580205,0.7591572917,0.6761109613,1146.45276,808.4387346,260.8950514,31.02062849,35.74570307,0.06134734008,0.04084553187,0.02447265992,0.01891446813
6.1,11575.9179,70.02773391,32.87069189,10.40563073,0.7763875088,0.6840235148,1146.525161,808.4407466,260.1407682,31.37963392,35.8115693,0.06107823562,0.04065937056,0.02474176438,0.01910062944
6.2,11460.41231,69.72925588,32.7181288,10.39615111,0.7763875088,0.6919231971,1146.445891,808.4422543,259.9037778,31.05811925,35.87061095,0.06082210807,0.04047058232,0.02499789193,0.01928941768
6.3,11345.41711,69.43597389,32.56351906,10.38668689,0.7763875088,0.6998100441,1146.369853,808.4432911,259.6671724,30.74839395,35.92322476,0.06057030695,0.04027928665,0.02524969305,0.01948071335
6.4,11454.93724,69.13792684,32.4105761,10.35676787,0.7934736447,0.7076564319,1146.441094,808.4443924,258.9191966,31.10023058,35.97652415,0.06030656714,0.04009004998,0.02551343286,0.01966995002
6.5,11557.10054,68.83536022,32.25918922,10.32700175,0.8104724543,0.7154627173,1146.508407,808.4455392,258.1750438,31.43696315,36.0302774,0.06003912383,0.03990273636,0.02578087617,0.01985726364
6.6,11443.78742,68.53797286,32.10581111,10.3176493,0.8104724543,0.7232564281,1146.432718,808.4462475,257.9412325,31.12853964,36.07800524,0.0597836853,0.03971298179,0.0260363147,0.02004701821
6.7,11331.53351,68.24542214,31.95053776,10.30831189,0.8104724543,0.7310375992,1146.35996,808.4465477,257.7077973,30.83083872,36.12007032,0.05953228004,0.03952090321,0.02628771996,0.02023909679
6.8,11434.50378,67.94850892,31.79691399,10.27879228,0.827330494,0.7387792395,1146.426226,808.4469298,256.9698069,31.16104627,36.16301436,0.05926984867,0.03933086121,0.02655015133,0.02042913879
6.9,11529.49585,67.64735732,31.64481414,10.24942208,0.8441032024,0.7464816934,1146.488936,808.447372,256.2355521,31.47751786,36.20657151,0.05900393381,0.03914270147,0.02681606619,0.02061729853
7,11420.30286,67.35112227,31.49088733,10.24019388,0.8441032024,0.7541718596,1146.4166,808.4474358,256.0048471,31.18138167,36.24484551,0.05874925595,0.03895230034,0.02707074405,0.02080769966
7.1,11310.93496,67.05940559,31.3351959,10.23098039,0.8441032024,0.7618497716,1146.346929,808.4471436,255.7745097,30.89503189,36.2781003,0.05849835148,0.03875973358,0.02732164852,0.02100026642
7.2,11407.92858,66.76368182,31.18113018,10.20185109,0.8607383403,0.7694890497,1146.408722,808.4469447,255.0462772,31.20566591,36.31236548,0.05823724171,0.03856917314,0.02758275829,0.02119082686
7.3,11496.47092,66.46397402,31.02855304,10.17286784,0.8772900748,0.7770900269,1146.467284,808.4468156,254.3216959,31.50376335,36.34735283,0.05797284837,0.03838045056,0.02784715163,0.02137954944
7.4,11578.81775,66.16044114,30.87736694,10.14402937,0.8937591217,0.7846530317,1146.522739,808.4467402,253.6007343,31.78974669,36.38286546,0.05770530219,0.03819344602,0.02811469781,0.02156655398
7.5,11473.96656,65.86170571,30.72447901,10.13496806,0.8937591217,0.7922041288,1146.452626,808.4463361,253.3742014,31.50173533,36.41372224,0.05744825755,0.03800435185,0.02837174245,0.02175564815
7.6,11370.79113,65.56752679,30.56997639,10.12592099,0.8937591217,0.7997433503,1146.385042,808.4456272,253.1480248,31.22305875,36.44021287,0.05719502995,0.03781327446,0.02862497005,0.02194672554
7.7,11453.69516,65.26958748,30.41693139,10.097316,0.9100948386,0.8072451266,1146.439944,808.4449961,252.4329,31.50469801,36.4675183,0.05693240875,0.03762399612,0.02888759125,0.02213600388
7.8,11531.62545,64.96808002,30.26526675,10.06885258,0.9263497081,0.8147097758,1146.49202,808.44443,251.7213144,31.77527623,36.49548344,0.05666684012,0.03743642188,0.02915315988,0.02232357812
7.9,11430.03357,64.67108123,30.11201922,10.05990897,0.9263497081,0.8221627816,1146.425085,808.4435763,251.4977243,31.49894045,36.5193101,0.05641108354,0.0372469027,0.02940891646,0.0225130973
8,11329.82626,64.37835762,29.95726319,10.0509793,0.9263497081,0.8296041753,1146.360454,808.4424552,251.2744824,31.23114554,36.53924335,0.05615891354,0.03705552943,0.02966108646,0.02270447057
8.1,11408.44879,64.08214228,29.80394704,10.02274418,0.9424741995,0.8370089516,1146.412015,808.4414191,250.5686044,31.49770388,36.56008103,0.05589800305,0.03686593281,0.02992199695,0.02289406719
8.2,11481.66075,63.78254836,29.65198341,9.994647508,0.9585196233,0.8443774179,1146.460988,808.4404537,249.8661877,31.75409057,36.58164888,0.05563429459,0.03667800551,0.03018570541,0.02308199449
8.3,11549.61015,63.47967893,29.50128648,9.966688135,0.9744866406,0.8517098781,1146.507464,808.4395456,249.1672034,32.00060937,36.60378091,0.05536787237,0.03649164201,0.03045212763,0.02326835799
8.4,11452.5261,63.18122062,29.34911481,9.957902734,0.9744866406,0.8590310458,1146.442799,808.4383864,248.9475684,31.73258288,36.62224844,0.05511066113,0.03630346518,0.03070933887,0.02345653482
8.5,11356.62299,62.88694819,29.19553291,9.949130848,0.9744866406,0.8663409508,1146.380292,808.4369931,248.7282712,31.47258553,36.63725815,0.05485696902,0.03611355388,0.03096303098,0.02364644612
8.6,11425.64851,62.58946631,29.04327844,9.921392918,0.9903271967,0.8736153367,1146.426492,808.4356751,248.0348229,31.71611937,36.65305726,0.05459527212,0.03592528055,0.03122472788,0.02383471945
8.7,11490.69627,62.28893007,28.89228789,9.893789305,1.006091047,0.8808544974,1146.470408,808.4344225,247.3447326,31.95059665,36.66952352,0.0543310404,0.03573856714,0.0314889596,0.02402143286
8.8,11549.45667,61.98531395,28.74245333,9.866318902,1.021778824,0.8880587231,1146.512092,808.4332192,246.6579725,32.17618086,36.6864555,0.05406424788,0.0355532809,0.03175575212,0.0242067191
8.9,11457.50177,61.68605252,28.59126068,9.857686979,1.021778824,0.8952519918,1146.449783,808.4317987,246.4421745,31.91677733,36.7001669,0.05380615308,0.03536632369,0.03201384692,0.02439367631
9,11365.04218,61.39082198,28.43873733,9.849068171,1.021778824,0.9024343318,1146.389475,808.4301713,246.2267043,31.6648537,36.71077929,0.05355145288,0.03517772882,0.03226854712,0.02458227118
9.1,11426.65119,61.09267782,28.28745887,9.821812655,1.037343883,0.9095822026,1146.431071,808.4286135,245.5453164,31.88829542,36.7221158,0.05328944704,0.03499067005,0.03253055296,0.02476932995
9.2,11484.28279,60.79172386,28.13735957,9.794687502,1.052834495,0.9166958853,1146.470633,808.4271155,244.8671875,32.10360771,36.73405452,0.05302510342,0.03480506657,0.03279489658,0.02495493343
9.3,11535.87601,60.48790502,27.98833375,9.767691652,1.068251264,0.9237756574,1146.5082,808.4256622,244.1922913,32.31090836,36.7464052,0.05275837103,0.03462078836,0.03306162897,0.02513921164
9.4,11448.5885,60.18835628,27.83805429,9.759208689,1.068251264,0.9308447933,1146.448264,808.4240206,243.9802172,32.060213,36.75591597,0.05249984508,0.03443496677,0.03332015492,0.02532503323
9.5,11359.53334,59.89268394,27.68651976,9.750738457,1.068251264,0.93790332,1146.390182,808.4221958,243.7684614,31.81647619,36.7626452,0.05224458902,0.03424759971,0.03357541098,0.02551240029
9.6,11414.79107,59.59435339,27.53615864,9.723951224,1.083548897,0.9449283818,1146.427795,808.420436,243.0987806,32.02227295,36.77004575,0.05198264878,0.03406168056,0.03383735122,0.02569831944
9.7,11465.416,59.29337902,27.38689083,9.697290569,1.098774243,0.9519202476,1146.463579,808.4187297,242.4322642,32.22070322,36.77797475,0.05171850211,0.03387711074,0.03410149789,0.02588288926
9.8,11511.64856,58.98978262,27.23864008,9.670755481,1.113927881,0.9588791833,1146.497584,808.4170663,241.768887,32.41193033,36.78629999,0.05145216477,0.03369379645,0.03436783523,0.02606620355
9.9,11428.23593,58.69032602,27.08922184,9.662417153,1.113927881,0.9658277896,1146.43999,808.4152383,241.5604288,32.16984953,36.79209975,0.05119354395,0.03350904406,0.03462645605,0.02625095594
10,11342.8852,58.39462202,26.9386271,9.65409119,1.113927881,0.9727660925,1146.384117,808.4132489,241.3522797,31.93426082,36.79541116,0.05093809411,0.03332284216,0.03488190589,0.02643715784
10.1,11392.66138,58.09648204,26.78914314,9.627758715,1.12896581,0.9796718918,1146.41826,808.4113204,240.6939679,32.12446935,36.79934988,0.05067651489,0.03313801089,0.03514348511,0.02662198911
10.2,11437.35827,57.7958518,26.64067953,9.601549198,1.143933521,0.9865454451,1146.450756,808.4094405,240.03873,32.30798221,36.80376031,0.05041285158,0.03295443892,0.03540714842,0.02680556108
10.3,11478.96139,57.49281107,26.49318342,9.575461668,1.158831568,0.9933870069,1146.481657,808.4076021,239.3865417,32.48499159,36.80855418,0.05014717044,0.03277206122,0.03567282956,0.02698793878
10.4,11398.67146,57.19374022,26.34458856,9.567263836,1.158831568,1.000218533,1146.426343,808.405618,239.1815959,32.25132793,36.81107973,0.04988871771,0.03258832939,0.03593128229,0.02717167061
10.5,11317.30907,56.89833134,26.19489889,9.559078017,1.158831568,1.007040049,1146.372633,808.4034926,238.9769504,32.02374493,36.81138939,0.04963336503,0.03240324804,0.03618663497,0.02735675196
10.6,11362.07721,56.60066399,26.04625987,9.533187353,1.173617189,1.013829982,1146.403734,808.401424,238.3296838,32.20009199,36.81228099,0.04937236533,0.03221946313,0.03644763467,0.02754053687
10.7,11401.9584,56.3006659,25.89858317,9.507416176,1.188334573,1.020588579,1146.433348,808.3994006,237.6854044,32.37034843,36.81360751,0.0491094105,0.03203686587,0.0367105895,0.02772313413
10.8,11439.53444,55.99844304,25.75182991,9.481763556,1.202984251,1.027316083,1146.461528,808.3974173,237.0440889,32.5347101,36.81530622,0.0488445898,0.03185540844,0.0369754102,0.02790459156
10.9,11474.9077,55.69409707,25.60596292,9.456228575,1.217566749,1.034012737,1146.488325,808.3954695,236.4057144,32.69336729,36.8173187,0.04857798886,0.03167504506,0.03724201114,0.02808495494
11,11397.73864,55.39358155,25.45905142,9.448204205,1.217566749,1.040699712,1146.43496,808.3933919,236.2051051,32.46681864,36.81728552,0.04831811961,0.03149339378,0.03750188039,0.02826660622
11.1,11321.89555,55.0967773,25.31114275,9.44019142,1.217566749,1.047377032,1146.383116,808.3911936,236.0047855,32.24607754,36.81532191,0.04806139983,0.03131051272,0.03775860017,0.02844948728
11.2,11358.08969,54.79781281,25.16415592,9.414846319,1.23204081,1.054023889,1146.410233,808.3890392,235.371158,32.40462791,36.81378214,0.04779947981,0.03112876931,0.03802052019,0.02863123069
11.3,11392.20948,54.49678397,25.01805545,9.389616489,1.246449042,1.060640515,1146.436054,808.3869241,234.7404122,32.55781406,36.81261033,0.04753582527,0.03094811989,0.03828417473,0.02881188011
11.4,11424.34419,54.19378292,24.87280735,9.364501046,1.26079195,1.067227143,1146.460625,808.3848442,234.1125262,32.70580433,36.81175431,0.04727051389,0.0307685226,0.03854948611,0.0289914774
11.5,11453.69578,53.88883631,24.72836156,9.339499121,1.27507003,1.073784001,1146.48398,808.3827935,233.487478,32.848717,36.81113815,0.04700356677,0.03058991577,0.03881643323,0.02917008423
11.6,11380.47836,53.58763752,24.58294401,9.3316421,1.27507003,1.080331518,1146.432649,808.3806297,233.2910525,32.62963416,36.80870778,0.04674294434,0.03041011017,0.03907705566,0.02934988983
11.7,11307.60592,53.29001291,24.43658038,9.323796259,1.27507003,1.086869718,1146.382727,808.3783585,233.0949065,32.41595719,36.80453663,0.04648535927,0.03022913729,0.03933464073,0.02953086271
11.8,11338.73292,52.99046385,24.29107128,9.298977592,1.289243456,1.093378516,1146.406488,808.3761263,232.4744398,32.55920325,36.80073294,0.04622310183,0.03004921904,0.03959689817,0.02971078096
11.9,11368.0622,52.68907425,24.14638547,9.274270196,1.303353337,1.099858132,1146.429115,808.3739291,231.8567549,32.69769933,36.79724972,0.04595929532,0.02987031695,0.03986070468,0.02988968305
12,11395.12789,52.38588666,24.00248221,9.249673233,1.317400151,1.106308786,1146.450639,808.3717623,231.2418308,32.83156371,36.7940268,0.04569397485,0.02969238083,0.04012602515,0.03006761917
12.1,11419.24878,52.08088926,23.85930691,9.225185878,1.331384371,1.112730695,1146.471084,808.3696197,230.629647,32.96087457,36.79098458,0.04542712849,0.02951534339,0.04039287151,0.03024465661
12.2,11441.8282,51.77416425,23.71683301,9.200807312,1.345306464,1.119124074,1146.49049,808.3674984,230.0201828,33.08577505,36.78808713,0.04515882576,0.02933917192,0.04066117424,0.03042082808
12.3,11373.95509,51.47120862,23.57348135,9.193145999,1.345306464,1.125508501,1146.441087,808.3652821,229.82865,32.87370175,36.78362809,0.04489651427,0.0291619171,0.04092348573,0.0305980829
12.4,11305.19539,51.17177561,23.42924994,9.185495402,1.345306464,1.131883998,1146.392999,808.3629726,229.6373851,32.6667085,36.7776325,0.04463720179,0.02898357635,0.04118279821,0.03077642365
12.5,11330.55901,50.87068896,23.28579059,9.161292496,1.359128242,1.13823131,1146.412948,808.3606955,229.0323124,32.79258313,36.77192745,0.04437379137,0.02880618853,0.04144620863,0.03095381147
12.6,11352.77557,50.56790376,23.14304368,9.137196269,1.372889096,1.144550644,1146.431912,808.3584441,228.4299067,32.91427519,36.76642734,0.04410894641,0.02862968012,0.04171105359,0.03113031988
12.7,11373.48586,50.26348846,23.00098255,9.113205938,1.386589477,1.150842207,1146.449924,808.3562156,227.8301484,33.0319076,36.76109626,0.04384272477,0.0284540183,0.04197727523,0.0313059817
12.8,11392.84598,49.95751582,22.85958357,9.089320723,1.400229827,1.157106202,1146.467017,808.3540075,227.2330181,33.14560441,36.75590341,0.04357518801,0.02827917393,0.04224481199,0.03148082607
12.9,11410.91293,49.65005585,22.71882413,9.065539858,1.413810585,1.163342832,1146.483224,808.3518176,226.6384964,33.25548609,36.75082008,0.04330639544,0.02810511913,0.04251360456,0.03165488087
13,11346.02004,49.34621272,22.57723733,9.058066206,1.413810585,1.169570874,1146.435848,808.3495443,226.4516552,33.05083613,36.74434323,0.04304315224,0.02793004275,0.04277684776,0.03182995725
13.1,11282.04688,49.04588377,22.43485555,9.050602835,1.413810585,1.17579035,1146.389702,808.3471928,226.2650709,32.85097762,36.73654268,0.04278290681,0.02775398461,0.04303709319,0.03200601539
13.2,11417.43702,48.73943775,22.29299965,8.998693185,1.443231626,1.189627351,1146.479396,808.3601995,224.9673296,33.32503258,36.96567258,0.0425122666,0.02757805204,0.0433077334,0.03218194796
13.3,11372.35956,48.43765408,22.14857105,8.982139585,1.443231626,1.203422017,1146.433213,808.3726491,224.5534896,33.12499908,37.18737318,0.04225074213,0.02739896145,0.04356925787,0.03236103855
13.4,11322.19716,48.14002468,22.00159268,8.965636529,1.443231626,1.217174564,1146.388313,808.3845503,224.1409132,32.93002408,37.40174124,0.04199277342,0.02721674068,0.04382722658,0.03254325932
13.5,11455.51177,47.83677875,21.85531322,8.914530611,1.472197133,1.230797323,1146.474023,808.3960091,222.8632653,33.38703947,37.61077285,0.04172513096,0.02703540464,0.04409486904,0.03272459536
13.6,11403.96813,47.53759216,21.70662445,8.898232799,1.472197133,1.244378833,1146.429077,808.406951,222.45582,33.19182716,37.81284799,0.04146579419,0.02685111059,0.04435420581,0.03290888941
13.7,11348.12088,47.24201493,21.55555296,8.881984236,1.472197133,1.257919302,1146.385288,808.4173854,222.0496059,33.00116752,38.00807212,0.04120954396,0.0266638909,0.04461045604,0.0330961091
13.8,11479.69874,46.94133601,21.40533354,8.831661548,1.500718725,1.271333283,1146.467175,808.4274283,220.7915387,33.4417044,38.19852952,0.04094433495,0.02647774283,0.04487566505,0.03328225717
13.9,11600.69371,46.63550829,21.25583614,8.781806068,1.528975516,1.284622725,1146.545531,808.4370814,219.5451517,33.86795186,38.38419134,0.04067479837,0.02629250517,0.04514520163,0.03346749483
14,11546.06749,46.33350847,21.10416353,8.76590624,1.528975516,1.297872582,1146.500612,808.4462742,219.147656,33.67266954,38.56357183,0.04041298188,0.02610459619,0.04540701812,0.03365540381
14.1,11487.43619,46.0349123,20.95033276,8.750053681,1.528975516,1.311083048,1146.456807,808.4550149,218.751342,33.48175925,38.73676245,0.04015407473,0.0259140365,0.04566592527,0.0338459635
14.2,11409.35112,45.73845171,20.79735422,8.750053681,1.528975516,1.311083048,1146.413902,808.4390219,218.751342,33.29431499,38.52197607,0.03989697931,0.02572532208,0.04592302069,0.03403467792
14.3,11332.69338,45.44408617,20.64521528,8.750053681,1.528975516,1.311083048,1146.371866,808.4233309,218.751342,33.11023275,38.31070199,0.0396416621,0.02553762922,0.0461783379,0.03422237078
14.4,11453.91232,45.14500977,20.49392778,8.700950042,1.556806183,1.32417208,1146.447254,808.4320506,217.5237511,33.52164672,38.48243025,0.039378183,0.02535021684,0.046441817,0.03440978316
14.5,11567.55322,44.84131364,20.34341193,8.652295081,1.58438255,1.337141514,1146.51948,808.4404304,216.307377,33.92015126,38.64992375,0.03911081707,0.02516377357,0.04670918293,0.03459622643
14.6,11511.64881,44.54105881,20.19087417,8.636777387,1.58438255,1.350072926,1146.476485,808.4484004,215.9194347,33.7320782,38.81175628,0.03885039021,0.02497484584,0.04696960979,0.03478515416
14.7,11454.41516,44.24402029,20.03636987,8.621305097,1.58438255,1.3629665,1146.434511,808.4559721,215.5326274,33.5480337,38.96806605,0.03859271495,0.02478350159,0.04722728505,0.03497649841
14.8,11379.28957,43.94902404,19.88270528,8.621305097,1.58438255,1.3629665,1146.393367,808.4404106,215.5326274,33.36720569,38.75796941,0.03833677455,0.02459390329,0.04748322545,0.03516609671
14.9,11471.65985,43.64852267,19.73262645,8.588610327,1.611628192,1.3629665,1146.46301,808.4254094,214.7152582,33.7530256,38.55493654,0.03807233404,0.02440871628,0.04774766596,0.03535128372
15,11574.15191,43.34359672,19.58323243,8.540972161,1.638628267,1.375664897,1146.529736,808.4330565,213.524304,34.12682897,38.71152998,0.03780416272,0.02422369084,0.04801583728,0.03553630916
15.1,11521.5774,43.04218229,19.43195645,8.525778148,1.638628267,1.388326575,1146.487646,808.4403329,213.1444537,33.94196664,38.86295645,0.03754264812,0.02403635204,0.04827735188,0.03572364796
15.2,11465.50904,42.74390535,19.27880529,8.51062799,1.638628267,1.400951707,1146.446531,808.4472447,212.7656997,33.76096439,39.00928109,0.03728381935,0.0238467079,0.04853618065,0.0359132921
15.3,11409.82045,42.44867194,19.12385584,8.495521478,1.638628267,1.413540467,1146.40635,808.4538045,212.3880369,33.58367602,39.15066359,0.03702759665,0.02365485292,0.04879240335,0.03610514708
15.4,11337.61049,42.15539045,18.96973165,8.495521478,1.638628267,1.413540467,1146.366935,808.4386931,212.3880369,33.40937076,38.9454985,0.03677303415,0.02346465083,0.04904696585,0.03629534917
15.5,11423.26278,41.85700112,18.81901195,8.463596605,1.665232327,1.413540467,1146.431354,808.424102,211.5899151,33.7711553,38.74692133,0.03651069116,0.02327863791,0.04930930884,0.03648136209
15.6,11520.05536,41.55462191,18.66901769,8.41707383,1.691600227,1.425941546,1146.493147,808.4307592,210.4268458,34.12202856,38.88886449,0.03624498063,0.02309290867,0.04957501937,0.03666709133
15.7,11466.68342,41.25541012,18.5172601,8.402234916,1.691600227,1.438307307,1146.452919,808.4370844,210.0558729,33.94419912,39.02612201,0.03598526325,0.02290501074,0.04983473675,0.03685498926
15.8,11412.1909,40.95916911,18.36378208,8.387438186,1.691600227,1.450637916,1146.413585,808.4430864,209.6859547,33.76992947,39.15880115,0.03572809121,0.02271499675,0.05009190879,0.03704500325
15.9,11357.20344,40.66575014,18.20863545,8.372683443,1.691600227,1.462933535,1146.375101,808.4487748,209.3170861,33.59905349,39.28702094,0.03547333688,0.02252293035,0.05034666312,0.03723706965
16,11452.74856,40.36863889,18.05433683,8.326961259,1.717514373,1.475121209,1146.434343,808.4542253,208.1740315,33.93783593,39.4121551,0.03521234262,0.02233192216,0.05060765738,0.03742807784
16.1,11526.92315,40.06694432,17.90320769,8.296049675,1.743274027,1.475121209,1146.491455,808.4399175,207.4012419,34.26747378,39.2166965,0.0349474426,0.02214537815,0.0508725574,0.03761462185
16.2,11456.02487,39.76722068,17.75280342,8.296049675,1.743274027,1.475121209,1146.452177,808.4258502,207.4012419,34.09307073,39.02407913,0.03468720412,0.02195971767,0.05113279588,0.03780028233
16.3,11402.79294,39.47039343,17.60075238,8.28155245,1.743274027,1.48720223,1146.41375,808.431348,207.0388112,33.9220729,39.14873478,0.03442944873,0.02177148675,0.05139055127,0.03798851325
16.4,11349.94853,39.1763824,17.4471181,8.26709583,1.743274027,1.499249413,1146.376142,808.4365587,206.6773958,33.75436009,39.26927092,0.03417410827,0.02158130766,0.05164589173,0.03817869234
16.5,11437.62714,38.87886867,17.29427022,8.222292414,1.768667439,1.511192181,1146.431201,808.4415475,205.5573104,34.07374485,39.38689792,0.03391295408,0.02139210964,0.05190704592,0.03836789036
16.6,11521.29988,38.57799568,17.14217568,8.177875209,1.793841957,1.523032001,1146.48407,808.4463195,204.4468802,34.38386371,39.50166338,0.0336489592,0.02120385147,0.0521710408,0.03855614853
16.7,11467.66714,38.2799285,16.98857899,8.163706718,1.793841957,1.534839077,1146.446011,808.4508263,204.0926679,34.21409169,39.61257808,0.0333900839,0.02101374436,0.0524299161,0.03874625564
16.8,11399.59928,37.98372078,16.83572869,8.163706718,1.793841957,1.534839077,1146.408636,808.4368651,204.0926679,34.04701219,39.42058783,0.03313279366,0.02082503831,0.05268720634,0.03893496169
16.9,11332.6211,37.68934164,16.68361504,8.163706718,1.793841957,1.534839077,1146.371924,808.4231352,204.0926679,33.88255446,39.23135092,0.0328770627,0.02063723107,0.0529429373,0.03912276893
17,11414.00329,37.39169105,16.53224589,8.119791467,1.81873198,1.546545096,1146.423181,808.4277153,202.9947867,34.18409454,39.34215686,0.03261595864,0.02044987521,0.05320404136,0.03931012479
17.1,11491.70866,37.09090084,16.38159083,8.07625009,1.843410101,1.558151456,1146.472415,808.4320941,201.9062523,34.47701195,39.45027781,0.03235219648,0.02026340981,0.05346780352,0.03949659019
17.2,11439.47437,36.79284357,16.22949301,8.062360499,1.843410101,1.569726114,1146.435343,808.4362279,201.5590125,34.3108475,39.55481304,0.03209325655,0.0200751679,0.05372674345,0.0396848321
17.3,11387.66214,36.49744878,16.0760056,8.048508781,1.843410101,1.581269213,1146.399023,808.4401249,201.2127195,34.14772226,39.65586793,0.03183660143,0.01988521487,0.05398339857,0.03987478513
17.4,11335.41148,36.20458612,15.92116348,8.034694768,1.843410101,1.59278089,1146.363423,808.4437918,200.8673692,33.98750226,39.75352504,0.03158211907,0.0196935936,0.05423788093,0.0400664064
17.5,11411.34833,35.9087383,15.76710887,7.991872483,1.86768066,1.604195569,1146.41079,808.4472843,199.7968121,34.27109903,39.84881314,0.03132274976,0.01950295236,0.05449725024,0.04025704764
17.6,11483.05583,35.60996158,15.61379741,7.949409153,1.891747772,1.615514565,1146.456307,808.450605,198.7352288,34.54672698,39.94175082,0.03106089727,0.0193132361,0.05475910273,0.0404467639
17.7,11537.09856,35.30748901,15.46318038,7.92069305,1.915677858,1.615514565,1146.500217,808.437417,198.0173263,34.8152417,39.75892251,0.03079588515,0.0191272448,0.05502411485,0.0406327552
17.8,11471.58379,35.00687571,15.31323376,7.92069305,1.915677858,1.615514565,1146.463678,808.4244345,198.0173263,34.65073689,39.57855385,0.03053465748,0.0189420719,0.05528534252,0.0408179281
17.9,11421.17597,34.70891153,15.16196827,7.907223781,1.915677858,1.626738956,1146.427868,808.4278413,197.6805945,34.48919183,39.67160714,0.03027570464,0.01875488138,0.05554429536,0.04100511862
18,11370.74203,34.41349972,15.00942261,7.893790548,1.915677858,1.637933318,1146.392761,808.431041,197.3447637,34.3304945,39.76156327,0.03001894367,0.01856611368,0.05580105633,0.04119388632
18.1,11437.61909,34.11533893,14.85758499,7.852142656,1.9392828,1.649034951,1146.435302,808.4340803,196.3035664,34.5915998,39.84930632,0.02975775333,0.01837822693,0.05606224667,0.04138177307
18.2,11501.51489,33.81453685,14.70643027,7.810838017,1.962693196,1.660045087,1146.476178,808.436963,195.2709504,34.84544252,39.93487138,0.02949432139,0.01819118984,0.05632567861,0.04156881016
18.3,11450.71621,33.51627033,14.55405671,7.797660788,1.962693196,1.671026112,1146.4409,808.4396539,194.9415197,34.68578834,40.0175332,0.0292350616,0.01800265071,0.0565849384,0.04175734929
18.4,11400.37005,33.22047965,14.40050701,7.784518345,1.962693196,1.681978148,1146.406298,808.4421594,194.6129586,34.52888226,40.09737523,0.02897792843,0.0178126621,0.05684207157,0.0419473379
18.5,11350.15069,32.92708349,14.24581605,7.77141054,1.962693196,1.692901318,1146.372347,808.4444852,194.2852635,34.37462767,40.17447118,0.02872285221,0.01762126691,0.05709714779,0.04213873309
18.6,11412.38214,32.63113804,14.09186011,7.730766605,1.985729123,1.703735338,1146.411794,808.4466747,193.2691651,34.62095056,40.24963219,0.02846371454,0.01743078492,0.05735628546,0.04232921508
18.7,11471.54282,32.3327176,13.93860938,7.690452765,2.00857796,1.714481367,1146.449712,808.4487304,192.2613191,34.86053778,40.32288131,0.02820247348,0.01724117913,0.05761752652,0.04251882087
18.8,11528.06573,32.031918,13.78604112,7.65046475,2.031242128,1.725140545,1146.486143,808.4506554,191.2616188,35.0935458,40.3942484,0.02793921077,0.01705242124,0.05788078923,0.04270757876
18.9,11465.56517,31.73284123,13.63413391,7.65046475,2.031242128,1.725140545,1146.451639,808.4380481,191.2616188,34.93659234,40.21755217,0.02767917996,0.01686478505,0.05814082004,0.04289521495
19,11403.98049,31.43546093,13.48288014,7.65046475,2.031242128,1.725140545,1146.417697,808.4256291,191.2616188,34.78190054,40.04313727,0.02742059985,0.01667794743,0.05839940015,0.04308205257
19.1,11355.23299,31.14045319,13.33053547,7.637706903,2.031242128,1.735772085,1146.384383,808.427637,190.9426726,34.6297766,40.11440808,0.02716405916,0.01648946036,0.05865594084,0.04327053964
19.2,11410.63734,30.84311276,13.17886428,7.598142877,2.053665989,1.746318245,1146.419949,808.4295193,189.9535719,34.85743829,40.18386955,0.02690385211,0.01630180983,0.05891614789,0.04345819017
19.3,11463.59555,30.54352867,13.02784541,7.558895071,2.075910626,1.756780113,1146.454133,808.4312787,188.9723768,35.0789377,40.25154967,0.02664173628,0.01611496951,0.05917826372,0.04364503049
19.4,11513.57231,30.24174322,12.87744667,7.519959476,2.09797831,1.767158758,1146.486967,808.4329171,187.9989869,35.29439424,40.31746266,0.02637774706,0.01592889948,0.05944225294,0.04383110052
19.5,11465.01904,29.9423714,12.72602508,7.507536885,2.09797831,1.777510918,1146.453314,808.4344083,187.6884221,35.14048053,40.38105926,0.02611739269,0.01574156784,0.05970260731,0.04401843216
19.6,11416.30601,29.6453173,12.57360336,7.495145948,2.09797831,1.787836698,1146.420269,808.4357563,187.3786487,34.98906614,40.44239148,0.02585903101,0.01555300252,0.05996096899,0.04420699748
19.7,11368.05445,29.3505316,12.42021475,7.482786538,2.09797831,1.798136207,1146.387815,808.436966,187.0696634,34.84007956,40.50152283,0.02560262,0.01536324448,0.06021738,0.04439675552
19.8,11417.2501,29.05363461,12.26749613,7.444452381,2.119705114,1.808354534,1146.419631,808.4380707,186.1113095,35.04973339,40.55908625,0.02534293188,0.01517431771,0.06047706812,0.04458568229
19.9,11464.26786,28.75470603,12.11542816,7.406418987,2.141261453,1.818492689,1146.450207,808.4390728,185.1604747,35.25378334,40.61510561,0.02508151322,0.01498619818,0.06073848678,0.04477380182
20,11509.17925,28.45382303,11.96399214,7.368682632,2.162649439,1.828551666,1146.479577,808.4399745,184.2170658,35.45235698,40.66960432,0.02481842991,0.01479886264,0.06100157009,0.04496113736
20.1,11460.67574,28.15520271,11.81163675,7.356642103,2.162649439,1.83858544,1146.446895,808.4407507,183.9160526,35.30202797,40.72206927,0.0245586628,0.01461039259,0.0612613372,0.04514960741
20.2,11412.63975,27.85879841,11.65839206,7.344631697,2.162649439,1.848594112,1146.414784,808.4414056,183.6157924,35.15405762,40.77255735,0.02430080177,0.01442082503,0.06151919823,0.04533917497
20.3,11365.07785,27.56456556,11.50428709,7.332651295,2.162649439,1.85857778,1146.383228,808.4419433,183.3162824,35.00838116,40.82112386,0.02404480882,0.01423019572,0.06177519118,0.04552980428
20.4,11408.81421,27.26841682,11.35084606,7.295487388,2.183712976,1.868484166,1146.411732,808.4423935,182.3871847,35.20180713,40.86833076,0.0237858843,0.01404038946,0.0620341157,0.04571961054
20.5,11450.60507,26.97042382,11.19805124,7.258609878,2.204614191,1.878314209,1146.439122,808.4427583,181.4652469,35.3901257,40.91419826,0.02352538683,0.01385138419,0.06229461317,0.04590861581
20.6,11490.51284,26.67065595,11.04588541,7.222015301,2.225355046,1.888068835,1146.465427,808.4430394,180.5503825,35.57345158,40.95874629,0.02326337569,0.01366315853,0.06255662431,0.04609684147
20.7,11528.59803,26.36918045,10.8943319,7.185700255,2.245937471,1.897748948,1146.490677,808.4432387,179.6425064,35.75189736,41.00199443,0.02299990831,0.01347569177,0.06282009169,0.04628430823
20.8,11480.759,26.06987874,10.74196293,7.174112584,2.245937471,1.907405341,1146.458786,808.4433338,179.3528146,35.60429648,41.04349395,0.02273948184,0.01328721814,0.06308051816,0.04647278186
20.9,11433.39049,25.77270813,10.5888046,7.162553268,2.245937471,1.917038105,1146.427435,808.4433283,179.0638317,35.45893591,41.08329361,0.0224808892,0.01309776979,0.0633391108,0.04666223021
21,11386.49599,25.47762769,10.43488216,7.151022198,2.245937471,1.926647329,1146.396608,808.4432256,178.775555,35.31575638,41.12144079,0.02222409549,0.01290737781,0.06359590451,0.04685262219
21.1,11423.69199,25.18086847,10.28159975,7.115246118,2.266214423,1.936183777,1146.421184,808.443052,177.8811529,35.48987514,41.15842576,0.02196476201,0.01271777861,0.06385523799,0.04704222139
21.2,11459.19922,24.88249306,10.12894149,7.079739833,2.286338463,1.945648308,1146.444783,808.4428088,176.9934958,35.65943274,41.19426538,0.02170404841,0.01252895243,0.06411595159,0.04723104757
21.3,11493.07074,24.58256217,9.97689195,7.044500169,2.306311389,1.955041768,1146.46743,808.4424977,176.1125042,35.8245305,41.22897627,0.02144200658,0.01234088012,0.06437799342,0.04741911988
21.4,11525.358,24.28113466,9.825436162,7.009524009,2.326134968,1.96436499,1146.489151,808.4421202,175.2381002,35.98526783,41.26257483,0.02117868681,0.01215354311,0.06464131319,0.04760645689
21.5,11478.39258,23.98179358,9.673254726,6.99836298,2.326134968,1.973665847,1146.458147,808.4416562,174.9590745,35.8408163,41.29466748,0.02091815881,0.01196530962,0.06490184119,0.04779469038
21.6,11431.89339,23.68449981,9.52037043,6.987228689,2.326134968,1.982944423,1146.427651,808.4411088,174.6807172,35.69848546,41.32529608,0.02065939338,0.01177620772,0.06516060662,0.04798379228
21.7,11385.8617,23.38921575,9.366805342,6.976121034,2.326134968,1.992200802,1146.397649,808.4404811,174.4030258,35.55822118,41.35450129,0.02040235844,0.01158626462,0.06541764156,0.04817373538
21.8,11340.2977,23.09590519,9.212580837,6.965039916,2.326134968,2.001435067,1146.368129,808.4397758,174.1259979,35.41997148,41.3823226,0.02014702312,0.01139550665,0.06567297688,0.04836449335
21.9,11372.18678,22.80110833,9.058985673,6.930654059,2.345623979,2.010600937,1146.389441,808.4390153,173.2663515,35.57721905,41.409181,0.01988949612,0.01120552757,0.06593050388,0.04855447243
22,11402.60862,22.50487999,8.906005467,6.896521834,2.364969237,2.0196992,1146.409899,808.4382009,172.4130458,35.73041009,41.43508997,0.01963074465,0.01101630954,0.06618925535,0.04874369046
22.1,11431.60798,22.20727335,8.753626243,6.862640344,2.384172385,2.028730626,1146.429525,808.4373336,171.5660086,35.87963279,41.46006284,0.01937081423,0.01082783523,0.06644918577,0.04893216477
22.2,11459.2283,21.90834007,8.601834413,6.829006741,2.403235037,2.037695977,1146.448342,808.4364148,170.7251685,36.02497371,41.48411274,0.01910974902,0.01064008777,0.06671025098,0.04911991223
22.3,11485.51177,21.6081303,8.450616777,6.795618222,2.422158783,2.046595997,1146.46637,808.4354454,169.8904555,36.16651771,41.50725264,0.01884759192,0.0104530508,0.06697240808,0.0493069492
22.4,11510.41962,21.30668705,8.299959001,6.762472031,2.440945183,2.055431423,1146.483631,808.4344266,169.0618008,36.30434537,41.52949378,0.01858437964,0.01026670652,0.06723562036,0.04949329348
22.5,11464.8773,21.00722746,8.148680355,6.751894205,2.440945183,2.064246278,1146.45382,808.4333415,168.7973551,36.16411056,41.55051195,0.01832365778,0.01007959461,0.06749634222,0.04968040539
22.6,11419.70688,20.70971078,7.996798393,6.741340977,2.440945183,2.073040635,1146.424478,808.4321925,168.5335244,36.02584493,41.57033949,0.01806460974,0.009891736707,0.06775539026,0.04986826329
22.7,11374.98665,20.41410321,7.844331612,6.730812257,2.440945183,2.081814569,1146.395591,808.4309819,168.2703064,35.88950053,41.58900933,0.01780720667,0.009703155603,0.06801279333,0.0500568444
22.8,11399.5865,20.11727985,7.6924464,6.698133806,2.459466479,2.090525314,1146.412519,808.429729,167.4533451,36.02454176,41.60687708,0.01754802876,0.009515293815,0.06827197124,0.05024470619
22.9,11422.97677,19.81928633,7.54113042,6.665689782,2.477854909,2.099173571,1146.428732,808.4284345,166.6422445,36.15609401,41.62395371,0.01728784858,0.009328136045,0.06853215142,0.05043186396
23,11445.1937,19.520167,7.390371673,6.633477602,2.496111936,2.107760027,1146.444249,808.4270995,165.8369401,36.2842324,41.64025008,0.01702670411,0.009141667416,0.06879329589,0.05061833258
23.1,11466.27246,19.21996495,7.240158492,6.601494727,2.514238998,2.116285361,1146.459088,808.4257248,165.0373682,36.40903059,41.6557769,0.01676463221,0.008955873459,0.06905536779,0.05080412654
23.2,11485.04916,18.91863667,7.090456622,6.569738657,2.532237514,2.124750237,1146.473258,808.4243097,164.2434664,36.5305216,41.67052162,0.01650159438,0.008770711788,0.06931840562,0.05098928821
23.3,11441.77383,18.61929285,6.940223171,6.559603913,2.532237514,2.133195857,1146.444394,808.4228425,163.9900978,36.39365332,41.68424767,0.01624090356,0.008584892467,0.06957909644,0.05117510753
23.4,11397.748,18.3218153,6.78945193,6.549492197,2.532237514,2.141622287,1146.415969,808.4213236,163.7373049,36.25864199,41.69696059,0.01598182143,0.008398407775,0.06983817857,0.05136159222
23.5,11354.15473,18.02617281,6.638159102,6.539403427,2.532237514,2.150029595,1146.38797,808.4197551,163.4850857,36.12544399,41.70868838,0.01572432133,0.008211277694,0.07009567867,0.05154872231
23.6,11373.91745,17.72949554,6.48741839,6.508085339,2.549987793,2.158377723,1146.401937,808.4181535,162.7021335,36.24476028,41.71973785,0.01546533983,0.008024830172,0.07035466017,0.05173516983
23.7,11392.64626,17.43182286,6.337218835,6.47698688,2.567613591,2.166667307,1146.415287,808.4165195,161.924672,36.3609989,41.73011809,0.01520550455,0.00783905163,0.07061449545,0.05192094837
23.8,11410.37151,17.13319306,6.187549769,6.446105703,2.58511624,2.174898972,1146.428036,808.4148539,161.1526426,36.47422513,41.73983807,0.01494484828,0.007653928845,0.07087515172,0.05210607116
23.9,11426.33014,16.83358654,6.038385592,6.415439498,2.602497048,2.183073335,1146.440195,808.4131564,160.3859874,36.58447752,41.74889164,0.01468335341,0.007469430135,0.07113664659,0.05229056986
24,11440.92225,16.53301053,5.889708107,6.384985989,2.619757306,2.191191001,1146.451775,808.4114272,159.6246497,36.6918059,41.75727979,0.01442102572,0.007285532972,0.07139897428,0.05247446703
24.1,11454.6193,16.23150361,5.741507962,6.354742938,2.636898281,2.199252569,1146.462792,808.4096669,158.8685734,36.79627333,41.76501192,0.0141578983,0.007102225762,0.0716621017,0.05265777424
24.2,11467.4483,15.92910327,5.593776074,6.324708139,2.653921225,2.207258624,1146.473261,808.4078762,158.1177035,36.89794159,41.77209733,0.0138940033,0.006919497248,0.0719259967,0.05284050275
24.3,11426.03754,15.62865338,5.445589093,6.315122094,2.653921225,2.215246995,1146.445324,808.4060464,157.8780523,36.76416011,41.77835644,0.01363227104,0.006736205298,0.07218772896,0.0530237947
24.4,11385.01469,15.33012164,5.29696034,6.305557199,2.653921225,2.22321774,1146.417807,808.4041789,157.63893,36.63218229,41.7838116,0.01337219428,0.006552366352,0.07244780572,0.05320763365
24.5,11343.47054,15.03341104,5.147885356,6.296013385,2.653921225,2.231170919,1146.390693,808.402274,157.4003346,36.50193758,41.78846771,0.01311368901,0.006367974858,0.07270631099,0.05339202514
24.6,11357.21857,14.73586718,4.999312693,6.266380974,2.670716106,2.239069714,1146.401123,808.4003446,156.6595243,36.60221162,41.79256089,0.01285402368,0.006184204061,0.07296597632,0.05357579594
24.7,11369.25108,14.43745945,4.851216064,6.236950476,2.687396548,2.246914687,1146.411038,808.39839,155.9237619,36.6998392,41.7960822,0.01259361518,0.006001021432,0.07322638482,0.05375897857
24.8,11380.48995,14.13822236,4.703586838,6.207719815,2.703963727,2.254706392,1146.420451,808.3964108,155.1929954,36.79487634,41.79903957,0.01233249315,0.005818416281,0.07348750685,0.05394158372
24.9,11390.95862,13.83818947,4.556416624,6.178686945,2.720418803,2.262445374,1146.429377,808.3944078,154.4671736,36.88737792,41.80144084,0.01207068638,0.005636378209,0.07374931362,0.05412362179
25,11400.67987,13.53739342,4.409697259,6.149849853,2.736762917,2.27013217,1146.437827,808.3923813,153.7462463,36.97739772,41.80329377,0.01180822292,0.005454897104,0.07401177708,0.0543051029
25.1,11409.67578,13.235866,4.263420808,6.121206553,2.752997196,2.277767308,1146.445815,808.390332,153.0301638,37.06498842,41.80460608,0.01154513003,0.005273963133,0.07427486997,0.05448603687
25.2,11417.96781,12.93363811,4.117579553,6.09275509,2.769122746,2.285351311,1146.453351,808.3882604,152.3188772,37.15020162,41.80538539,0.01128143425,0.005093566736,0.07453856575,0.05466643326
25.3,11425.57675,12.63073983,3.972165991,6.064493536,2.785140661,2.292884691,1146.460449,808.386167,151.6123384,37.23308785,41.80563928,0.01101716142,0.004913698617,0.07480283858,0.05484630138
25.4,11432.52282,12.32720042,3.827172826,6.036419991,2.801052016,2.300367956,1146.46712,808.3840525,150.9104998,37.31369661,41.80537522,0.01075233664,0.004734349737,0.07506766336,0.05502565026
25.5,11438.53068,12.02302737,3.682587081,6.008532586,2.816857873,2.307801604,1146.473373,808.3819169,150.2133146,37.39206728,41.80459514,0.01048696607,0.004555504031,0.07533303393,0.05520449597
25.6,11398.9235,11.72073387,3.537615412,5.999631181,2.816857873,2.315219441,1146.446515,808.3797539,149.9907795,37.26176616,41.80317367,0.01022353308,0.004376180124,0.07559646692,0.05538381988
25.7,11359.38346,11.42026929,3.392263108,5.990748689,2.816857873,2.322621517,1146.420042,808.3775644,149.7687172,37.13314324,41.80112287,0.009961679724,0.004196384533,0.07585832028,0.05556361547
25.8,11320.20076,11.121605,3.246541061,5.981885049,2.816857873,2.330007884,1146.393947,808.3753494,149.5471262,37.00616127,41.79845987,0.009701381474,0.004016130704,0.07611861853,0.0557438693
25.9,11326.73011,10.82231405,3.101247726,5.954357563,2.832459737,2.337345592,1146.400317,808.3731172,148.8589391,37.08391309,41.79533963,0.009440257383,0.003836406308,0.07637974262,0.05592359369
26,11332.64926,10.52242355,2.956376097,5.927010827,2.847959157,2.344635119,1146.406293,808.3708682,148.1752707,37.15954777,41.79176852,0.009178616356,0.003657202669,0.07664138364,0.05610279733
26.1,11337.97588,10.2219599,2.811919351,5.899843073,2.863357133,2.351876937,1146.411887,808.3686029,147.4960768,37.2331094,41.78775283,0.008916481079,0.003478511339,0.07690351892,0.05628148866
26.2,11342.72712,9.920948796,2.667870848,5.87285256,2.878654655,2.35907151,1146.417108,808.3663218,146.821314,37.30464118,41.78329882,0.008653873642,0.003300324094,0.07716612636,0.05645967591
26.3,11346.91965,9.619415269,2.524224122,5.846037568,2.893852696,2.366219296,1146.421966,808.3640251,146.1509392,37.37418542,41.7784127,0.008390815556,0.003122632927,0.07742918444,0.05663736707
26.4,11349.90985,9.317336294,2.380959567,5.819396403,2.908952216,2.373320746,1146.426467,808.3617126,145.4849101,37.44176363,41.7730885,0.008127286452,0.002945413581,0.07769271355,0.05681458642
26.5,11352.31892,9.014732521,2.238070002,5.792927395,2.923954162,2.380376307,1146.430619,808.3593845,144.8231849,37.50741519,41.76733147,0.007863304041,0.002768657165,0.07795669596,0.05699134284
26.6,11354.22967,8.711628858,2.095549776,5.766628897,2.938859468,2.387386417,1146.434432,808.3570413,144.1657224,37.5711807,41.76114805,0.007598889753,0.00259235668,0.07822111025,0.05716764332
26.7,11355.65682,8.408049552,1.953393395,5.740499283,2.953669054,2.394351508,1146.437915,808.3546835,143.5124821,37.6330999,41.75454464,0.007334064448,0.002416505323,0.07848593555,0.05734349468
26.8,11356.61466,8.104018205,1.811595517,5.714536952,2.968383828,2.40127201,1146.441076,808.3523114,142.8634238,37.69321171,41.74752755,0.007068848436,0.002241096477,0.07875115156,0.05751890352
26.9,11357.11704,7.799557791,1.670150945,5.688740323,2.983004688,2.408148341,1146.443924,808.3499254,142.2185081,37.75155421,41.74010304,0.006803261484,0.002066123708,0.07901673852,0.05769387629
27,11357.17743,7.494690675,1.529054624,5.663107837,2.997532515,2.414980919,1146.446468,808.347526,141.5776959,37.80816469,41.73227731,0.006537322839,0.001891580755,0.07928267716,0.05786841924
27.1,11356.80887,7.189438628,1.388301638,5.637637955,3.011968182,2.421770154,1146.448715,808.3451135,140.9409489,37.86307963,41.72405649,0.006271051235,0.001717461533,0.07954894877,0.05804253847
27.2,11356.02403,6.883822842,1.247887206,5.612329162,3.026312548,2.428516448,1146.450673,808.3426883,140.3082291,37.91633477,41.71544664,0.006004464912,0.00154376012,0.07981553509,0.05821623988
27.3,11354.83521,6.577863949,1.107806675,5.58717996,3.040566463,2.435220202,1146.452352,808.3402509,139.679499,37.96796506,41.70645377,0.005737581628,0.001370470756,0.08008241837,0.05838952924
27.4,11353.25434,6.271582032,0.9680555196,5.562188872,3.054730762,2.44188181,1146.453756,808.3378014,139.0547218,38.01800472,41.69708383,0.005470418669,0.001197587838,0.08034958133,0.05856241216
27.5,11351.29301,5.964996641,0.8286293377,5.537354441,3.068806272,2.448501658,1146.454896,808.3353405,138.433861,38.06648722,41.6873427,0.005202992864,0.001025105914,0.08061700714,0.05873489409
27.6,11348.60792,5.658101866,0.6895165209,5.51267523,3.082793808,2.455080132,1146.455774,808.3328679,137.8168808,38.1134351,41.67722978,0.004935298852,0.0008530106201,0.08088470115,0.05890698938
27.7,11345.50906,5.350912718,0.5507117839,5.488149819,3.096694174,2.461617609,1146.456399,808.330384,137.2037455,38.15887904,41.66674991,0.004667349516,0.0006812954143,0.08115265048,0.05907870459
27.8,11342.07079,5.043448245,0.4122112785,5.463776808,3.110508163,2.468114462,1146.456777,808.3278892,136.5944202,38.20285091,41.65590902,0.004399161266,0.0005099555317,0.08142083873,0.05925004447
27.9,11338.30329,4.735726982,0.2740112623,5.439554815,3.124236559,2.47457106,1146.456914,808.3253838,135.9888704,38.24538189,41.644713,0.004130750073,0.0003389863386,0.08168924993,0.05942101366
28,11334.21642,4.427766968,0.1361080948,5.415482475,3.137880136,2.480987766,1146.456818,808.3228681,135.3870619,38.28650248,41.63316763,0.00386213148,0.0001683833283,0.08195786852,0.05959161667
28.04016849,11332.45034,4.303975222,0.0808322887,5.405872552,3.143326791,2.483549381,1146.456688,808.3218536,135.1468138,38.30246545,41.62839201,0.003754154208,0.0001,0.08206584579,0.05966
