Time (s),Thrust (N)
0,11013.75808
0.1,11097.59766
0.2,11571.2063
0.3,11314.77173
0.4,11747.4403
0.5,11412.87581
0.6,11168.82898
0.7,11586.64611
0.8,11341.33871
0.9,11637.86816
1,11426.08464
1.1,11195.04634
1.2,11565.37098
1.3,11288.73428
1.4,11613.0403
1.5,11408.68453
1.6,11194.25199
1.7,11466.5741
1.8,11274.7013
1.9,11567.45765
2,11375.40485
2.1,11650.06617
2.2,11412.082
2.3,11228.93102
2.4,11497.15703
2.5,11315.3823
2.6,11515.35627
2.7,11350.35294
2.8,11578.35947
2.9,11413.2825
3,11242.6563
3.1,11475.14051
3.2,11628.20072
3.3,11478.97817
3.4,11322.72007
3.5,11524.18019
3.6,11369.54799
3.7,11560.79682
3.8,11374.48639
3.9,11227.67888
4,11415.78611
4.1,11584.05003
4.2,11442.55849
4.3,11298.52719
4.4,11470.09074
4.5,11584.93238
4.6,11455.22625
4.7,11321.6985
4.8,11474.14227
4.9,11611.17404
5,11482.61703
5.1,11352.73311
5.2,11492.78253
5.3,11620.75378
5.4,11465.95123
5.5,11343.50381
5.6,11471.40913
5.7,11585.78833
5.8,11468.64009
5.9,11349.82052
6,11467.82968
6.1,11575.9179
6.2,11460.41231
6.3,11345.41711
6.4,11454.93724
6.5,11557.10054
6.6,11443.78742
6.7,11331.53351
6.8,11434.50378
6.9,11529.49585
7,11420.30286
7.1,11310.93496
7.2,11407.92858
7.3,11496.47092
7.4,11578.81775
7.5,11473.96656
7.6,11370.79113
7.7,11453.69516
7.8,11531.62545
7.9,11430.03357
8,11329.82626
8.1,11408.44879
8.2,11481.66075
8.3,11549.61015
8.4,11452.5261
8.5,11356.62299
8.6,11425.64851
8.7,11490.69627
8.8,11549.45667
8.9,11457.50177
9,11365.04218
9.1,11426.65119
9.2,11484.28279
9.3,11535.87601
9.4,11448.5885
9.5,11359.53334
9.6,11414.79107
9.7,11465.416
9.8,11511.64856
9.9,11428.23593
10,11342.8852
10.1,11392.66138
10.2,11437.35827
10.3,11478.96139
10.4,11398.67146
10.5,11317.30907
10.6,11362.07721
10.7,11401.9584
10.8,11439.53444
10.9,11474.9077
11,11397.73864
11.1,11321.89555
11.2,11358.08969
11.3,11392.20948
11.4,11424.34419
11.5,11453.69578
11.6,11380.47836
11.7,11307.60592
11.8,11338.73292
11.9,11368.0622
12,11395.12789
12.1,11419.24878
12.2,11441.8282
12.3,11373.95509
12.4,11305.19539
12.5,11330.55901
12.6,11352.77557
12.7,11373.48586
12.8,11392.84598
12.9,11410.91293
13,11346.02004
13.1,11282.04688
13.2,11417.43702
13.3,11372.35956
13.4,11322.19716
13.5,11455.51177
13.6,11403.96813
13.7,11348.12088
13.8,11479.69874
13.9,11600.69371
14,11546.06749
14.1,11487.43619
14.2,11409.35112
14.3,11332.69338
14.4,11453.91232
14.5,11567.55322
14.6,11511.64881
14.7,11454.41516
14.8,11379.28957
14.9,11471.65985
15,11574.15191
15.1,11521.5774
15.2,11465.50904
15.3,11409.82045
15.4,11337.61049
15.5,11423.26278
15.6,11520.05536
15.7,11466.68342
15.8,11412.1909
15.9,11357.20344
16,11452.74856
16.1,11526.92315
16.2,11456.02487
16.3,11402.79294
16.4,11349.94853
16.5,11437.62714
16.6,11521.29988
16.7,11467.66714
16.8,11399.59928
16.9,11332.6211
17,11414.00329
17.1,11491.70866
17.2,11439.47437
17.3,11387.66214
17.4,11335.41148
17.5,11411.34833
17.6,11483.05583
17.7,11537.09856
17.8,11471.58379
17.9,11421.17597
18,11370.74203
18.1,11437.61909
18.2,11501.51489
18.3,11450.71621
18.4,11400.37005
18.5,11350.15069
18.6,11412.38214
18.7,11471.54282
18.8,11528.06573
18.9,11465.56517
19,11403.98049
19.1,11355.23299
19.2,11410.63734
19.3,11463.59555
19.4,11513.57231
19.5,11465.01904
19.6,11416.30601
19.7,11368.05445
19.8,11417.2501
19.9,11464.26786
20,11509.17925
20.1,11460.67574
20.2,11412.63975
20.3,11365.07785
20.4,11408.81421
20.5,11450.60507
20.6,11490.51284
20.7,11528.59803
20.8,11480.759
20.9,11433.39049
21,11386.49599
21.1,11423.69199
21.2,11459.19922
21.3,11493.07074
21.4,11525.358
21.5,11478.39258
21.6,11431.89339
21.7,11385.8617
21.8,11340.2977
21.9,11372.18678
22,11402.60862
22.1,11431.60798
22.2,11459.2283
22.3,11485.51177
22.4,11510.41962
22.5,11464.8773
22.6,11419.70688
22.7,11374.98665
22.8,11399.5865
22.9,11422.97677
23,11445.1937
23.1,11466.27246
23.2,11485.04916
23.3,11441.77383
23.4,11397.748
23.5,11354.15473
23.6,11373.91745
23.7,11392.64626
23.8,11410.37151
23.9,11426.33014
24,11440.92225
24.1,11454.6193
24.2,11467.4483
24.3,11426.03754
24.4,11385.01469
24.5,11343.47054
24.6,11357.21857
24.7,11369.25108
24.8,11380.48995
24.9,11390.95862
25,11400.67987
25.1,11409.67578
25.2,11417.96781
25.3,11425.57675
25.4,11432.52282
25.5,11438.53068
25.6,11398.9235
25.7,11359.38346
25.8,11320.20076
25.9,11326.73011
26,11332.64926
26.1,11337.97588
26.2,11342.72712
26.3,11346.91965
26.4,11349.90985
26.5,11352.31892
26.6,11354.22967
26.7,11355.65682
26.8,11356.61466
26.9,11357.11704
27,11357.17743
27.1,11356.80887
27.2,11356.02403
27.3,11354.83521
27.4,11353.25434
27.5,11351.29301
27.6,11348.60792
27.7,11345.50906
27.8,11342.07079
27.9,11338.30329
28,11334.21642
28.04016849,11332.45034
