altitude_asl_m,wind_u_east_m_s
630.000000,2.801954
640.000000,2.801954
730.000000,3.941627
769.806750,2.901194
997.902540,3.949787
1231.635857,6.367021
1471.258882,7.360382
1716.747883,7.684830
1968.173828,8.529279
2226.015050,9.929424
2491.168394,11.238731
3045.817123,12.446642
3635.363148,13.404709
4263.093126,14.780623
4934.339336,15.918317
5656.724350,16.167667
6441.450476,15.970573
7298.121720,15.919402
8238.398374,18.743149
9287.914938,22.722477
10478.345342,23.222105
11144.964813,23.923159
11882.959431,21.830365
12729.206887,18.193786
13712.949344,16.312590
14880.792245,9.726273
16294.272408,9.295024
18542.654088,10.496192
20661.266091,6.549740
23865.553364,10.890090
26472.326375,20.434789
31071.087304,27.116361
33500.134906,30.439490
35860.787119,25.026422
39543.204496,19.450948
42614.066967,9.522868
48074.575829,-3.808248
