altitude_asl_m,wind_v_north_m_s
630.000000,3.081545
640.000000,3.081545
730.000000,4.068215
769.806750,3.259696
997.902540,4.146998
1231.635857,4.097209
1471.258882,2.176479
1716.747883,1.579427
1968.173828,1.866292
2226.015050,1.859612
2491.168394,1.578814
3045.817123,1.284230
3635.363148,0.589605
4263.093126,0.346280
4934.339336,2.324304
5656.724350,4.730014
6441.450476,4.344252
7298.121720,1.987681
8238.398374,-2.435081
9287.914938,-1.850929
10478.345342,-4.111471
11144.964813,-2.447863
11882.959431,-1.260916
12729.206887,7.792687
13712.949344,9.150217
14880.792245,7.915150
16294.272408,9.697313
18542.654088,5.341467
20661.266091,4.607524
23865.553364,3.404357
26472.326375,1.266667
31071.087304,6.300813
33500.134906,2.859571
35860.787119,-4.710872
39543.204496,5.249893
42614.066967,-5.926960
48074.575829,1.080792
